geo,life_expectancy_years,time
afg,28.21,1800
afg,28.2,1801
afg,28.19,1802
afg,28.18,1803
afg,28.17,1804
afg,28.16,1805
afg,28.15,1806
afg,28.14,1807
afg,28.13,1808
afg,28.12,1809
afg,28.11,1810
afg,28.1,1811
afg,28.09,1812
afg,28.08,1813
afg,28.07,1814
afg,28.06,1815
afg,28.05,1816
afg,28.04,1817
afg,28.03,1818
afg,28.02,1819
afg,28.01,1820
afg,28,1821
afg,27.99,1822
afg,27.98,1823
afg,27.97,1824
afg,27.95,1825
afg,27.94,1826
afg,27.93,1827
afg,27.92,1828
afg,27.91,1829
afg,27.9,1830
afg,27.89,1831
afg,27.88,1832
afg,27.87,1833
afg,27.86,1834
afg,27.85,1835
afg,27.84,1836
afg,27.83,1837
afg,27.82,1838
afg,27.81,1839
afg,27.8,1840
afg,27.79,1841
afg,27.78,1842
afg,27.77,1843
afg,27.76,1844
afg,27.75,1845
afg,27.74,1846
afg,27.73,1847
afg,27.72,1848
afg,27.71,1849
afg,27.7,1850
afg,27.69,1851
afg,27.68,1852
afg,27.67,1853
afg,27.66,1854
afg,27.65,1855
afg,27.64,1856
afg,27.63,1857
afg,27.62,1858
afg,27.61,1859
afg,27.6,1860
afg,27.59,1861
afg,27.58,1862
afg,27.57,1863
afg,27.56,1864
afg,27.54,1865
afg,27.53,1866
afg,27.52,1867
afg,27.51,1868
afg,27.5,1869
afg,27.49,1870
afg,27.48,1871
afg,27.47,1872
afg,27.46,1873
afg,27.45,1874
afg,27.44,1875
afg,27.43,1876
afg,27.42,1877
afg,27.41,1878
afg,27.4,1879
afg,27.39,1880
afg,27.38,1881
afg,27.37,1882
afg,27.36,1883
afg,27.35,1884
afg,27.34,1885
afg,27.33,1886
afg,27.32,1887
afg,27.31,1888
afg,27.3,1889
afg,27.29,1890
afg,27.28,1891
afg,27.27,1892
afg,27.26,1893
afg,27.25,1894
afg,27.24,1895
afg,27.23,1896
afg,27.22,1897
afg,27.21,1898
afg,27.2,1899
afg,27.19,1900
afg,27.18,1901
afg,27.17,1902
afg,27.16,1903
afg,27.15,1904
afg,27.14,1905
afg,27.12,1906
afg,27.11,1907
afg,27.1,1908
afg,27.09,1909
afg,27.08,1910
afg,27.07,1911
afg,27.06,1912
afg,27.05,1913
afg,27.04,1914
afg,27.03,1915
afg,27.02,1916
afg,27.01,1917
afg,7.045,1918
afg,26.99,1919
afg,26.98,1920
afg,27.07,1921
afg,27.17,1922
afg,27.26,1923
afg,27.35,1924
afg,27.44,1925
afg,27.54,1926
afg,27.63,1927
afg,27.72,1928
afg,27.81,1929
afg,27.91,1930
afg,28,1931
afg,28.09,1932
afg,28.18,1933
afg,28.28,1934
afg,28.37,1935
afg,28.46,1936
afg,28.55,1937
afg,28.65,1938
afg,28.74,1939
afg,28.83,1940
afg,28.92,1941
afg,29.02,1942
afg,29.11,1943
afg,29.2,1944
afg,29.29,1945
afg,29.39,1946
afg,29.48,1947
afg,29.57,1948
afg,29.66,1949
afg,29.76,1950
afg,30.12,1951
afg,30.74,1952
afg,31.35,1953
afg,31.97,1954
afg,32.59,1955
afg,33.21,1956
afg,33.83,1957
afg,34.45,1958
afg,35.07,1959
afg,35.68,1960
afg,36.3,1961
afg,36.92,1962
afg,37.54,1963
afg,38.16,1964
afg,38.78,1965
afg,39.39,1966
afg,40,1967
afg,40.61,1968
afg,41.21,1969
afg,41.8,1970
afg,42.2,1971
afg,42.6,1972
afg,43,1973
afg,43.5,1974
afg,44,1975
afg,44.5,1976
afg,45,1977
afg,44.3,1978
afg,43.5,1979
afg,43.5,1980
afg,44.3,1981
afg,44.2,1982
afg,43,1983
afg,41.3,1984
afg,42.8,1985
afg,43.5,1986
afg,45.2,1987
afg,46.9,1988
afg,50.2,1989
afg,50.3,1990
afg,50.2,1991
afg,50.4,1992
afg,50.5,1993
afg,50.1,1994
afg,50.4,1995
afg,50.6,1996
afg,50.7,1997
afg,50,1998
afg,50.8,1999
afg,51,2000
afg,51.1,2001
afg,51.6,2002
afg,52.1,2003
afg,52.5,2004
afg,52.9,2005
afg,53.2,2006
afg,53.6,2007
afg,54,2008
afg,54.5,2009
afg,54.8,2010
afg,55.2,2011
afg,55.5,2012
afg,56.2,2013
afg,56.91,2014
afg,57.63,2015
alb,35.4,1800
alb,35.4,1801
alb,35.4,1802
alb,35.4,1803
alb,35.4,1804
alb,35.4,1805
alb,35.4,1806
alb,35.4,1807
alb,35.4,1808
alb,35.4,1809
alb,35.4,1810
alb,35.4,1811
alb,35.4,1812
alb,35.4,1813
alb,35.4,1814
alb,35.4,1815
alb,35.4,1816
alb,35.4,1817
alb,35.4,1818
alb,35.4,1819
alb,35.4,1820
alb,35.4,1821
alb,35.4,1822
alb,35.4,1823
alb,35.4,1824
alb,35.4,1825
alb,35.4,1826
alb,35.4,1827
alb,35.4,1828
alb,35.4,1829
alb,35.4,1830
alb,35.4,1831
alb,35.4,1832
alb,35.4,1833
alb,35.4,1834
alb,35.4,1835
alb,35.4,1836
alb,35.4,1837
alb,35.4,1838
alb,35.4,1839
alb,35.4,1840
alb,35.4,1841
alb,35.4,1842
alb,35.4,1843
alb,35.4,1844
alb,35.4,1845
alb,35.4,1846
alb,35.4,1847
alb,35.4,1848
alb,35.4,1849
alb,35.4,1850
alb,35.4,1851
alb,35.4,1852
alb,35.4,1853
alb,35.4,1854
alb,35.4,1855
alb,35.4,1856
alb,35.4,1857
alb,35.4,1858
alb,35.4,1859
alb,35.4,1860
alb,35.4,1861
alb,35.4,1862
alb,35.4,1863
alb,35.4,1864
alb,35.4,1865
alb,35.4,1866
alb,35.4,1867
alb,35.4,1868
alb,35.4,1869
alb,35.4,1870
alb,35.4,1871
alb,35.4,1872
alb,35.4,1873
alb,35.4,1874
alb,35.4,1875
alb,35.4,1876
alb,35.4,1877
alb,35.4,1878
alb,35.4,1879
alb,35.4,1880
alb,35.4,1881
alb,35.4,1882
alb,35.4,1883
alb,35.4,1884
alb,35.4,1885
alb,35.4,1886
alb,35.4,1887
alb,35.4,1888
alb,35.4,1889
alb,35.4,1890
alb,35.4,1891
alb,35.4,1892
alb,35.4,1893
alb,35.4,1894
alb,35.4,1895
alb,35.4,1896
alb,35.4,1897
alb,35.4,1898
alb,35.4,1899
alb,35.4,1900
alb,35.4,1901
alb,35.4,1902
alb,35.4,1903
alb,35.4,1904
alb,35.4,1905
alb,35.4,1906
alb,35.4,1907
alb,35.4,1908
alb,35.4,1909
alb,35.4,1910
alb,35.4,1911
alb,35.4,1912
alb,35.4,1913
alb,35.4,1914
alb,35.4,1915
alb,35.4,1916
alb,35.4,1917
alb,19.43,1918
alb,35.4,1919
alb,35.4,1920
alb,35.4,1921
alb,35.39,1922
alb,35.39,1923
alb,35.38,1924
alb,35.38,1925
alb,35.37,1926
alb,35.37,1927
alb,35.36,1928
alb,35.36,1929
alb,36.25,1930
alb,37.14,1931
alb,38.02,1932
alb,38.91,1933
alb,39.8,1934
alb,40.69,1935
alb,41.58,1936
alb,42.47,1937
alb,43.36,1938
alb,42.91,1939
alb,41.9,1940
alb,41.4,1941
alb,39.89,1942
alb,36.89,1943
alb,33.88,1944
alb,46.88,1945
alb,49.87,1946
alb,51.37,1947
alb,52.26,1948
alb,53.15,1949
alb,54.04,1950
alb,54.25,1951
alb,54.72,1952
alb,55.31,1953
alb,56.02,1954
alb,56.84,1955
alb,57.77,1956
alb,58.79,1957
alb,59.88,1958
alb,61,1959
alb,62.09,1960
alb,63.11,1961
alb,63.99,1962
alb,64.71,1963
alb,65.26,1964
alb,65.64,1965
alb,65.89,1966
alb,66.08,1967
alb,66.26,1968
alb,66.46,1969
alb,66.7,1970
alb,67.1,1971
alb,67.5,1972
alb,68,1973
alb,68.6,1974
alb,69.1,1975
alb,69.5,1976
alb,70,1977
alb,70.4,1978
alb,70.7,1979
alb,70.9,1980
alb,71,1981
alb,71,1982
alb,71,1983
alb,71.5,1984
alb,72.2,1985
alb,72.7,1986
alb,73,1987
alb,73.2,1988
alb,73.4,1989
alb,73.5,1990
alb,73.4,1991
alb,73.4,1992
alb,73.4,1993
alb,73.6,1994
alb,73.8,1995
alb,73.9,1996
alb,73.9,1997
alb,73.8,1998
alb,74,1999
alb,74.2,2000
alb,74.4,2001
alb,74.5,2002
alb,74.4,2003
alb,74.4,2004
alb,74.4,2005
alb,74.5,2006
alb,74.7,2007
alb,74.9,2008
alb,75,2009
alb,75.2,2010
alb,75.5,2011
alb,75.7,2012
alb,75.8,2013
alb,75.9,2014
alb,76,2015
dza,28.82,1800
dza,28.82,1801
dza,28.82,1802
dza,28.82,1803
dza,28.82,1804
dza,28.82,1805
dza,28.82,1806
dza,28.82,1807
dza,28.82,1808
dza,28.82,1809
dza,28.82,1810
dza,28.82,1811
dza,28.82,1812
dza,28.82,1813
dza,28.82,1814
dza,28.82,1815
dza,28.82,1816
dza,28.82,1817
dza,28.82,1818
dza,28.82,1819
dza,28.82,1820
dza,28.82,1821
dza,28.82,1822
dza,28.82,1823
dza,28.82,1824
dza,28.82,1825
dza,28.82,1826
dza,28.82,1827
dza,28.82,1828
dza,28.82,1829
dza,28.82,1830
dza,28.82,1831
dza,28.82,1832
dza,28.82,1833
dza,28.82,1834
dza,28.82,1835
dza,28.82,1836
dza,28.82,1837
dza,28.82,1838
dza,28.82,1839
dza,28.82,1840
dza,28.82,1841
dza,28.82,1842
dza,28.82,1843
dza,28.82,1844
dza,28.82,1845
dza,28.82,1846
dza,28.82,1847
dza,28.82,1848
dza,20,1849
dza,15,1850
dza,22,1851
dza,28.82,1852
dza,28.82,1853
dza,28.82,1854
dza,28.82,1855
dza,28.82,1856
dza,28.82,1857
dza,28.82,1858
dza,28.82,1859
dza,28.82,1860
dza,28.82,1861
dza,28.82,1862
dza,28.82,1863
dza,28.82,1864
dza,28.82,1865
dza,28.82,1866
dza,21,1867
dza,11,1868
dza,15,1869
dza,22,1870
dza,28.82,1871
dza,28.82,1872
dza,28.82,1873
dza,28.82,1874
dza,28.82,1875
dza,28.82,1876
dza,28.82,1877
dza,28.82,1878
dza,28.82,1879
dza,28.82,1880
dza,28.82,1881
dza,28.82,1882
dza,28.82,1883
dza,28.82,1884
dza,28.82,1885
dza,28.82,1886
dza,28.82,1887
dza,28.82,1888
dza,28.82,1889
dza,28.82,1890
dza,28.82,1891
dza,28.82,1892
dza,28.82,1893
dza,28.82,1894
dza,28.82,1895
dza,28.82,1896
dza,28.82,1897
dza,28.82,1898
dza,28.82,1899
dza,28.86,1900
dza,28.9,1901
dza,28.94,1902
dza,29.86,1903
dza,24.12,1904
dza,26.7,1905
dza,28.02,1906
dza,27.93,1907
dza,27.84,1908
dza,29.26,1909
dza,30.79,1910
dza,30.51,1911
dza,31.79,1912
dza,29.66,1913
dza,29.16,1914
dza,28.66,1915
dza,28.29,1916
dza,28.29,1917
dza,22.06,1918
dza,28.29,1919
dza,27.5,1920
dza,27.62,1921
dza,27.47,1922
dza,30,1923
dza,31.47,1924
dza,32.26,1925
dza,31.72,1926
dza,27.36,1927
dza,30.79,1928
dza,31.08,1929
dza,32.38,1930
dza,30.55,1931
dza,31.89,1932
dza,33.14,1933
dza,32.68,1934
dza,34.47,1935
dza,35.69,1936
dza,34.04,1937
dza,33.54,1938
dza,35.73,1939
dza,36.21,1940
dza,34.71,1941
dza,34.2,1942
dza,30.05,1943
dza,35.09,1944
dza,33.12,1945
dza,35.24,1946
dza,38.37,1947
dza,41.29,1948
dza,43.56,1949
dza,45.83,1950
dza,46.15,1951
dza,46.67,1952
dza,47.2,1953
dza,47.73,1954
dza,48.28,1955
dza,48.83,1956
dza,49.4,1957
dza,49.97,1958
dza,50.54,1959
dza,51.12,1960
dza,51.71,1961
dza,52.29,1962
dza,52.87,1963
dza,53.44,1964
dza,54,1965
dza,54.54,1966
dza,55.06,1967
dza,55.58,1968
dza,56.09,1969
dza,56.6,1970
dza,56.9,1971
dza,57.3,1972
dza,57.6,1973
dza,58,1974
dza,58.3,1975
dza,58.7,1976
dza,59.2,1977
dza,59.7,1978
dza,60.4,1979
dza,60.8,1980
dza,62.1,1981
dza,63.4,1982
dza,64.9,1983
dza,66.4,1984
dza,67.7,1985
dza,68.6,1986
dza,69.2,1987
dza,69.7,1988
dza,70.2,1989
dza,70.5,1990
dza,70.8,1991
dza,71.1,1992
dza,71.3,1993
dza,71.5,1994
dza,71.7,1995
dza,72.1,1996
dza,72.4,1997
dza,72.9,1998
dza,73,1999
dza,73.2,2000
dza,73.4,2001
dza,73.6,2002
dza,73.7,2003
dza,74.2,2004
dza,74.5,2005
dza,74.8,2006
dza,75,2007
dza,75.3,2008
dza,75.6,2009
dza,75.9,2010
dza,76.1,2011
dza,76.2,2012
dza,76.3,2013
dza,76.4,2014
dza,76.5,2015
and,77.5,1970
and,77.8,1971
and,78,1972
and,78.2,1973
and,78.5,1974
and,78.7,1975
and,78.9,1976
and,79.1,1977
and,79.2,1978
and,79.3,1979
and,79.4,1980
and,79.4,1981
and,79.5,1982
and,79.7,1983
and,79.8,1984
and,80,1985
and,80.1,1986
and,80.2,1987
and,80.4,1988
and,80.5,1989
and,80.7,1990
and,80.8,1991
and,81,1992
and,81.2,1993
and,81.4,1994
and,81.6,1995
and,81.8,1996
and,82.1,1997
and,82.3,1998
and,82.5,1999
and,82.7,2000
and,82.9,2001
and,83,2002
and,83.1,2003
and,83,2004
and,83.1,2005
and,83.2,2006
and,83.4,2007
and,83.5,2008
and,83.6,2009
and,83.7,2010
and,83.8,2011
and,83.8,2012
and,83.9,2013
and,84,2014
and,84.1,2015
ago,26.98,1800
ago,26.98,1801
ago,26.98,1802
ago,26.98,1803
ago,26.98,1804
ago,26.98,1805
ago,26.98,1806
ago,26.98,1807
ago,26.98,1808
ago,26.98,1809
ago,26.98,1810
ago,26.98,1811
ago,26.98,1812
ago,26.98,1813
ago,26.98,1814
ago,26.98,1815
ago,26.98,1816
ago,26.98,1817
ago,26.98,1818
ago,26.98,1819
ago,26.98,1820
ago,26.98,1821
ago,26.98,1822
ago,26.98,1823
ago,26.98,1824
ago,26.98,1825
ago,26.98,1826
ago,26.98,1827
ago,26.98,1828
ago,26.98,1829
ago,26.98,1830
ago,26.98,1831
ago,26.98,1832
ago,26.98,1833
ago,26.98,1834
ago,26.98,1835
ago,26.98,1836
ago,26.98,1837
ago,26.98,1838
ago,26.98,1839
ago,26.98,1840
ago,26.98,1841
ago,26.98,1842
ago,26.98,1843
ago,26.98,1844
ago,26.98,1845
ago,26.98,1846
ago,26.98,1847
ago,26.98,1848
ago,26.98,1849
ago,26.98,1850
ago,26.98,1851
ago,26.98,1852
ago,26.98,1853
ago,26.98,1854
ago,26.98,1855
ago,26.98,1856
ago,26.98,1857
ago,26.98,1858
ago,26.98,1859
ago,26.98,1860
ago,26.98,1861
ago,26.98,1862
ago,26.98,1863
ago,26.98,1864
ago,26.98,1865
ago,26.98,1866
ago,26.98,1867
ago,26.98,1868
ago,26.98,1869
ago,26.98,1870
ago,26.98,1871
ago,26.98,1872
ago,26.98,1873
ago,26.98,1874
ago,26.98,1875
ago,26.98,1876
ago,26.98,1877
ago,26.98,1878
ago,26.98,1879
ago,26.98,1880
ago,26.98,1881
ago,26.98,1882
ago,26.98,1883
ago,26.98,1884
ago,26.98,1885
ago,26.98,1886
ago,26.98,1887
ago,26.98,1888
ago,26.98,1889
ago,26.98,1890
ago,26.98,1891
ago,26.98,1892
ago,26.98,1893
ago,26.98,1894
ago,26.98,1895
ago,26.98,1896
ago,26.98,1897
ago,26.98,1898
ago,26.98,1899
ago,26.98,1900
ago,26.98,1901
ago,26.98,1902
ago,26.98,1903
ago,26.98,1904
ago,26.98,1905
ago,26.98,1906
ago,26.98,1907
ago,26.98,1908
ago,26.98,1909
ago,26.98,1910
ago,26.98,1911
ago,26.98,1912
ago,26.98,1913
ago,26.98,1914
ago,26.98,1915
ago,26.98,1916
ago,26.98,1917
ago,10.43,1918
ago,26.98,1919
ago,26.98,1920
ago,27.19,1921
ago,27.41,1922
ago,27.62,1923
ago,27.83,1924
ago,28.05,1925
ago,28.26,1926
ago,28.47,1927
ago,28.69,1928
ago,28.9,1929
ago,29.11,1930
ago,29.33,1931
ago,29.54,1932
ago,29.75,1933
ago,29.97,1934
ago,30.18,1935
ago,30.39,1936
ago,30.61,1937
ago,30.82,1938
ago,31.03,1939
ago,31.25,1940
ago,31.68,1941
ago,32.12,1942
ago,32.56,1943
ago,32.99,1944
ago,33.43,1945
ago,33.86,1946
ago,34.3,1947
ago,34.74,1948
ago,35.17,1949
ago,35.61,1950
ago,36.02,1951
ago,36.63,1952
ago,37.24,1953
ago,37.85,1954
ago,38.46,1955
ago,39.08,1956
ago,39.69,1957
ago,40.3,1958
ago,40.92,1959
ago,41.53,1960
ago,42.15,1961
ago,42.76,1962
ago,43.38,1963
ago,43.99,1964
ago,44.61,1965
ago,45.22,1966
ago,45.84,1967
ago,46.46,1968
ago,47.08,1969
ago,47.7,1970
ago,48.1,1971
ago,48.4,1972
ago,48.8,1973
ago,49.2,1974
ago,49.4,1975
ago,49.7,1976
ago,49.9,1977
ago,50.1,1978
ago,50.3,1979
ago,50.4,1980
ago,50.4,1981
ago,50.3,1982
ago,50.2,1983
ago,50,1984
ago,50,1985
ago,49.9,1986
ago,49.9,1987
ago,49.9,1988
ago,50.6,1989
ago,50.3,1990
ago,50.7,1991
ago,50.7,1992
ago,49.6,1993
ago,50.5,1994
ago,50.9,1995
ago,51,1996
ago,51.2,1997
ago,51.6,1998
ago,51.9,1999
ago,52.6,2000
ago,53,2001
ago,53.8,2002
ago,54.5,2003
ago,55.2,2004
ago,56,2005
ago,56.9,2006
ago,57.6,2007
ago,58.3,2008
ago,58.9,2009
ago,59.4,2010
ago,59.7,2011
ago,60.1,2012
ago,60.4,2013
ago,60.7,2014
ago,61,2015
atg,33.54,1800
atg,33.54,1801
atg,33.54,1802
atg,33.54,1803
atg,33.54,1804
atg,33.54,1805
atg,33.54,1806
atg,33.54,1807
atg,33.54,1808
atg,33.54,1809
atg,33.54,1810
atg,33.54,1811
atg,33.54,1812
atg,33.54,1813
atg,33.54,1814
atg,33.54,1815
atg,33.54,1816
atg,33.54,1817
atg,33.54,1818
atg,33.54,1819
atg,33.54,1820
atg,33.54,1821
atg,33.54,1822
atg,33.54,1823
atg,33.54,1824
atg,33.54,1825
atg,33.54,1826
atg,33.54,1827
atg,33.54,1828
atg,33.54,1829
atg,33.54,1830
atg,33.54,1831
atg,33.54,1832
atg,33.54,1833
atg,33.54,1834
atg,33.54,1835
atg,33.54,1836
atg,33.54,1837
atg,33.54,1838
atg,33.54,1839
atg,33.54,1840
atg,33.54,1841
atg,33.54,1842
atg,33.54,1843
atg,33.54,1844
atg,33.54,1845
atg,33.54,1846
atg,33.54,1847
atg,33.54,1848
atg,33.54,1849
atg,33.54,1850
atg,33.54,1851
atg,33.54,1852
atg,33.54,1853
atg,33.54,1854
atg,33.54,1855
atg,33.54,1856
atg,33.54,1857
atg,33.54,1858
atg,33.54,1859
atg,33.54,1860
atg,33.54,1861
atg,33.54,1862
atg,33.54,1863
atg,33.54,1864
atg,33.54,1865
atg,33.54,1866
atg,33.54,1867
atg,33.54,1868
atg,33.54,1869
atg,33.54,1870
atg,33.54,1871
atg,33.54,1872
atg,33.54,1873
atg,33.54,1874
atg,33.54,1875
atg,33.54,1876
atg,33.54,1877
atg,33.54,1878
atg,33.54,1879
atg,33.54,1880
atg,33.54,1881
atg,33.54,1882
atg,33.54,1883
atg,33.54,1884
atg,33.54,1885
atg,33.54,1886
atg,33.54,1887
atg,33.54,1888
atg,33.54,1889
atg,33.54,1890
atg,33.54,1891
atg,33.54,1892
atg,33.54,1893
atg,33.54,1894
atg,33.54,1895
atg,33.54,1896
atg,33.54,1897
atg,33.54,1898
atg,33.54,1899
atg,33.54,1900
atg,33.54,1901
atg,33.54,1902
atg,33.54,1903
atg,33.54,1904
atg,33.54,1905
atg,33.54,1906
atg,33.54,1907
atg,33.54,1908
atg,33.54,1909
atg,33.54,1910
atg,33.54,1911
atg,33.54,1912
atg,33.54,1913
atg,33.54,1914
atg,33.54,1915
atg,33.54,1916
atg,33.54,1917
atg,21.75,1918
atg,33.54,1919
atg,33.54,1920
atg,33.55,1921
atg,34.4,1922
atg,35.25,1923
atg,36.09,1924
atg,36.94,1925
atg,37.78,1926
atg,38.63,1927
atg,39.47,1928
atg,40.32,1929
atg,41.16,1930
atg,42.01,1931
atg,42.86,1932
atg,43.7,1933
atg,44.55,1934
atg,45.39,1935
atg,46.24,1936
atg,47.08,1937
atg,47.93,1938
atg,48.78,1939
atg,49.62,1940
atg,50.47,1941
atg,51.31,1942
atg,52.16,1943
atg,53,1944
atg,53.85,1945
atg,54.69,1946
atg,55.54,1947
atg,56.39,1948
atg,57.23,1949
atg,58.08,1950
atg,58.35,1951
atg,58.86,1952
atg,59.37,1953
atg,59.88,1954
atg,60.39,1955
atg,60.89,1956
atg,61.39,1957
atg,61.88,1958
atg,62.36,1959
atg,62.84,1960
atg,63.29,1961
atg,63.74,1962
atg,64.16,1963
atg,64.57,1964
atg,64.96,1965
atg,65.34,1966
atg,65.71,1967
atg,66.08,1968
atg,66.44,1969
atg,66.8,1970
atg,67.3,1971
atg,67.7,1972
atg,68,1973
atg,67.8,1974
atg,67.5,1975
atg,67.3,1976
atg,67.4,1977
atg,68,1978
atg,68.9,1979
atg,69.9,1980
atg,71,1981
atg,71.9,1982
atg,72.7,1983
atg,73,1984
atg,73.1,1985
atg,73,1986
atg,72.9,1987
atg,72.8,1988
atg,72.5,1989
atg,72.4,1990
atg,72.3,1991
atg,72.1,1992
atg,72.1,1993
atg,72.2,1994
atg,72.2,1995
atg,72.6,1996
atg,72.9,1997
atg,73.2,1998
atg,73.6,1999
atg,73.9,2000
atg,74.1,2001
atg,74.2,2002
atg,74.3,2003
atg,74.3,2004
atg,74.3,2005
atg,74.4,2006
atg,74.6,2007
atg,74.8,2008
atg,75.1,2009
atg,75.2,2010
atg,75.2,2011
atg,75.2,2012
atg,75.2,2013
atg,75.2,2014
atg,75.2,2015
arg,33.2,1800
arg,33.2,1801
arg,33.2,1802
arg,33.2,1803
arg,33.2,1804
arg,33.2,1805
arg,33.2,1806
arg,33.2,1807
arg,33.2,1808
arg,33.2,1809
arg,33.2,1810
arg,33.2,1811
arg,33.2,1812
arg,33.2,1813
arg,33.2,1814
arg,33.2,1815
arg,33.2,1816
arg,33.2,1817
arg,33.2,1818
arg,33.2,1819
arg,33.2,1820
arg,33.2,1821
arg,33.2,1822
arg,33.2,1823
arg,33.2,1824
arg,33.2,1825
arg,33.2,1826
arg,33.2,1827
arg,33.2,1828
arg,33.2,1829
arg,33.2,1830
arg,33.2,1831
arg,33.2,1832
arg,33.2,1833
arg,33.2,1834
arg,33.2,1835
arg,33.2,1836
arg,33.2,1837
arg,33.2,1838
arg,33.2,1839
arg,33.2,1840
arg,33.2,1841
arg,33.2,1842
arg,33.2,1843
arg,33.2,1844
arg,33.2,1845
arg,33.2,1846
arg,33.2,1847
arg,33.2,1848
arg,33.2,1849
arg,33.2,1850
arg,33.2,1851
arg,33.2,1852
arg,33.2,1853
arg,33.2,1854
arg,33.2,1855
arg,33.2,1856
arg,33.2,1857
arg,33.2,1858
arg,33.2,1859
arg,33.2,1860
arg,33.2,1861
arg,33.2,1862
arg,33.2,1863
arg,33.2,1864
arg,33.2,1865
arg,33.2,1866
arg,33.2,1867
arg,33.2,1868
arg,33.2,1869
arg,33.2,1870
arg,33.2,1871
arg,33.2,1872
arg,33.2,1873
arg,33.2,1874
arg,33.2,1875
arg,33.18,1876
arg,33.16,1877
arg,33.14,1878
arg,33.12,1879
arg,33.1,1880
arg,33,1881
arg,32.9,1882
arg,32.8,1883
arg,32.7,1884
arg,32.6,1885
arg,32.88,1886
arg,33.16,1887
arg,33.44,1888
arg,33.72,1889
arg,34,1890
arg,33.86,1891
arg,33.72,1892
arg,33.58,1893
arg,33.44,1894
arg,33.3,1895
arg,34,1896
arg,34.7,1897
arg,35.4,1898
arg,36.1,1899
arg,36.8,1900
arg,37.38,1901
arg,37.96,1902
arg,38.54,1903
arg,39.12,1904
arg,39.7,1905
arg,40.46,1906
arg,41.22,1907
arg,41.98,1908
arg,42.74,1909
arg,43.5,1910
arg,44.04,1911
arg,44.58,1912
arg,45.12,1913
arg,45.66,1914
arg,46.2,1915
arg,47,1916
arg,47.8,1917
arg,41.76,1918
arg,49.4,1919
arg,50.2,1920
arg,50.67,1921
arg,51.15,1922
arg,51.62,1923
arg,52.09,1924
arg,52.57,1925
arg,52.9,1926
arg,53.23,1927
arg,53.56,1928
arg,53.9,1929
arg,54.23,1930
arg,54.22,1931
arg,54.22,1932
arg,54.21,1933
arg,54.2,1934
arg,54.2,1935
arg,55.15,1936
arg,56.1,1937
arg,57.05,1938
arg,58.01,1939
arg,58.96,1940
arg,59.53,1941
arg,60.11,1942
arg,60.68,1943
arg,61.25,1944
arg,61.83,1945
arg,61.7,1946
arg,61.58,1947
arg,61.46,1948
arg,61.33,1949
arg,61.21,1950
arg,61.51,1951
arg,62.1,1952
arg,62.62,1953
arg,63.09,1954
arg,63.5,1955
arg,63.86,1956
arg,64.16,1957
arg,64.4,1958
arg,64.59,1959
arg,64.74,1960
arg,64.86,1961
arg,64.94,1962
arg,65.01,1963
arg,65.08,1964
arg,65.17,1965
arg,65.28,1966
arg,65.43,1967
arg,65.62,1968
arg,65.84,1969
arg,66.1,1970
arg,66.4,1971
arg,67,1972
arg,67.5,1973
arg,67.7,1974
arg,67.9,1975
arg,67.9,1976
arg,68.4,1977
arg,69.2,1978
arg,69.9,1979
arg,70.2,1980
arg,70.3,1981
arg,70.7,1982
arg,70.8,1983
arg,71,1984
arg,71.9,1985
arg,72,1986
arg,72.1,1987
arg,72.2,1988
arg,72.4,1989
arg,72.6,1990
arg,72.7,1991
arg,72.8,1992
arg,73.1,1993
arg,73.4,1994
arg,73.5,1995
arg,73.5,1996
arg,73.6,1997
arg,73.7,1998
arg,74,1999
arg,74.3,2000
arg,74.4,2001
arg,74.3,2002
arg,74.5,2003
arg,75,2004
arg,75.4,2005
arg,75.5,2006
arg,75.4,2007
arg,75.5,2008
arg,75.6,2009
arg,75.8,2010
arg,75.9,2011
arg,75.9,2012
arg,76,2013
arg,76.1,2014
arg,76.2,2015
arm,33.99,1800
arm,33.99,1801
arm,33.99,1802
arm,33.99,1803
arm,33.99,1804
arm,33.99,1805
arm,33.99,1806
arm,33.99,1807
arm,33.99,1808
arm,33.99,1809
arm,33.99,1810
arm,33.99,1811
arm,33.99,1812
arm,33.99,1813
arm,33.99,1814
arm,33.99,1815
arm,33.99,1816
arm,33.99,1817
arm,33.99,1818
arm,33.99,1819
arm,33.99,1820
arm,33.99,1821
arm,33.99,1822
arm,33.99,1823
arm,33.99,1824
arm,33.99,1825
arm,33.99,1826
arm,33.99,1827
arm,33.99,1828
arm,33.99,1829
arm,33.99,1830
arm,33.99,1831
arm,33.99,1832
arm,33.99,1833
arm,33.99,1834
arm,33.99,1835
arm,33.99,1836
arm,33.99,1837
arm,33.99,1838
arm,33.99,1839
arm,33.99,1840
arm,33.99,1841
arm,33.99,1842
arm,33.99,1843
arm,33.99,1844
arm,33.99,1845
arm,33.99,1846
arm,33.99,1847
arm,33.99,1848
arm,33.99,1849
arm,33.99,1850
arm,33.99,1851
arm,33.99,1852
arm,33.99,1853
arm,33.99,1854
arm,33.99,1855
arm,33.99,1856
arm,33.99,1857
arm,33.99,1858
arm,33.99,1859
arm,33.99,1860
arm,33.99,1861
arm,33.99,1862
arm,33.99,1863
arm,33.47,1864
arm,32.95,1865
arm,32.42,1866
arm,31.9,1867
arm,31.38,1868
arm,31.42,1869
arm,31.46,1870
arm,31.51,1871
arm,31.55,1872
arm,31.59,1873
arm,31.8,1874
arm,32,1875
arm,32.2,1876
arm,32.4,1877
arm,32.59,1878
arm,32.8,1879
arm,32.99,1880
arm,33.2,1881
arm,33.4,1882
arm,33.59,1883
arm,33.8,1884
arm,33.99,1885
arm,34.2,1886
arm,34.4,1887
arm,34.59,1888
arm,34.8,1889
arm,34.99,1890
arm,35.2,1891
arm,35.4,1892
arm,35.59,1893
arm,35.8,1894
arm,36,1895
arm,36.2,1896
arm,36.4,1897
arm,36.23,1898
arm,36.06,1899
arm,35.9,1900
arm,36.15,1901
arm,36.4,1902
arm,36.65,1903
arm,36.9,1904
arm,37.15,1905
arm,37.4,1906
arm,37.65,1907
arm,37.9,1908
arm,38.15,1909
arm,38.4,1910
arm,41.35,1911
arm,41.78,1912
arm,39.61,1913
arm,39.2,1914
arm,38.8,1915
arm,38.8,1916
arm,35.8,1917
arm,27,1918
arm,37,1919
arm,28,1920
arm,37.89,1921
arm,38.77,1922
arm,39.53,1923
arm,41.91,1924
arm,40.9,1925
arm,43.99,1926
arm,43.21,1927
arm,44.61,1928
arm,43.25,1929
arm,42.46,1930
arm,40.76,1931
arm,38.15,1932
arm,31.53,1933
arm,44.37,1934
arm,45.81,1935
arm,47.37,1936
arm,46.26,1937
arm,47.83,1938
arm,50.12,1939
arm,47.54,1940
arm,25.63,1941
arm,22.02,1942
arm,19.9,1943
arm,27.29,1944
arm,36.68,1945
arm,53.86,1946
arm,45.75,1947
arm,53.7,1948
arm,56.39,1949
arm,58.58,1950
arm,58.68,1951
arm,58.99,1952
arm,59.3,1953
arm,59.61,1954
arm,59.92,1955
arm,60.22,1956
arm,60.53,1957
arm,60.84,1958
arm,61.14,1959
arm,61.46,1960
arm,61.77,1961
arm,62.1,1962
arm,62.42,1963
arm,62.75,1964
arm,63.07,1965
arm,63.4,1966
arm,63.71,1967
arm,64.01,1968
arm,64.28,1969
arm,64.5,1970
arm,65.1,1971
arm,65.6,1972
arm,66.1,1973
arm,66.7,1974
arm,67.1,1975
arm,67.6,1976
arm,68,1977
arm,68.4,1978
arm,68.7,1979
arm,69,1980
arm,69.4,1981
arm,69.6,1982
arm,69.9,1983
arm,70.2,1984
arm,70.5,1985
arm,70.7,1986
arm,70.7,1987
arm,68.2,1988
arm,70.3,1989
arm,70.1,1990
arm,69.8,1991
arm,69.4,1992
arm,69.2,1993
arm,69.2,1994
arm,69.4,1995
arm,69.7,1996
arm,70.1,1997
arm,70.6,1998
arm,71,1999
arm,71.4,2000
arm,71.7,2001
arm,71.9,2002
arm,72.1,2003
arm,72.1,2004
arm,72.2,2005
arm,72.2,2006
arm,72.3,2007
arm,72.5,2008
arm,72.6,2009
arm,72.9,2010
arm,73.2,2011
arm,73.5,2012
arm,73.8,2013
arm,74.1,2014
arm,74.4,2015
abw,34.42,1800
abw,34.42,1801
abw,34.42,1802
abw,34.42,1803
abw,34.42,1804
abw,34.42,1805
abw,34.42,1806
abw,34.42,1807
abw,34.42,1808
abw,34.42,1809
abw,34.42,1810
abw,34.42,1811
abw,34.42,1812
abw,34.42,1813
abw,34.42,1814
abw,34.42,1815
abw,34.42,1816
abw,34.42,1817
abw,34.42,1818
abw,34.42,1819
abw,34.42,1820
abw,34.42,1821
abw,34.42,1822
abw,34.42,1823
abw,34.42,1824
abw,34.42,1825
abw,34.42,1826
abw,34.42,1827
abw,34.42,1828
abw,34.42,1829
abw,34.42,1830
abw,34.42,1831
abw,34.42,1832
abw,34.42,1833
abw,34.42,1834
abw,34.42,1835
abw,34.42,1836
abw,34.42,1837
abw,34.42,1838
abw,34.42,1839
abw,34.42,1840
abw,34.42,1841
abw,34.42,1842
abw,34.42,1843
abw,34.42,1844
abw,34.42,1845
abw,34.42,1846
abw,34.42,1847
abw,34.42,1848
abw,34.42,1849
abw,34.42,1850
abw,34.42,1851
abw,34.42,1852
abw,34.42,1853
abw,34.42,1854
abw,34.42,1855
abw,34.42,1856
abw,34.42,1857
abw,34.42,1858
abw,34.42,1859
abw,34.42,1860
abw,34.42,1861
abw,34.42,1862
abw,34.42,1863
abw,34.42,1864
abw,34.42,1865
abw,34.42,1866
abw,34.42,1867
abw,34.42,1868
abw,34.42,1869
abw,34.42,1870
abw,34.42,1871
abw,34.42,1872
abw,34.42,1873
abw,34.42,1874
abw,34.42,1875
abw,34.42,1876
abw,34.42,1877
abw,34.42,1878
abw,34.42,1879
abw,34.42,1880
abw,34.42,1881
abw,34.42,1882
abw,34.42,1883
abw,34.42,1884
abw,34.42,1885
abw,34.42,1886
abw,34.42,1887
abw,34.42,1888
abw,34.42,1889
abw,34.42,1890
abw,34.42,1891
abw,34.42,1892
abw,34.42,1893
abw,34.42,1894
abw,34.42,1895
abw,34.42,1896
abw,34.42,1897
abw,34.42,1898
abw,34.42,1899
abw,34.42,1900
abw,34.42,1901
abw,34.42,1902
abw,34.42,1903
abw,34.42,1904
abw,34.42,1905
abw,34.42,1906
abw,34.42,1907
abw,34.42,1908
abw,34.42,1909
abw,34.42,1910
abw,34.42,1911
abw,34.42,1912
abw,34.42,1913
abw,34.42,1914
abw,34.42,1915
abw,34.42,1916
abw,34.42,1917
abw,22.32,1918
abw,34.42,1919
abw,34.42,1920
abw,34.42,1921
abw,35.25,1922
abw,36.07,1923
abw,36.9,1924
abw,37.73,1925
abw,38.56,1926
abw,39.38,1927
abw,40.21,1928
abw,41.04,1929
abw,41.87,1930
abw,42.69,1931
abw,43.52,1932
abw,44.35,1933
abw,45.18,1934
abw,46.01,1935
abw,46.83,1936
abw,47.66,1937
abw,48.49,1938
abw,49.32,1939
abw,50.14,1940
abw,50.97,1941
abw,51.8,1942
abw,52.63,1943
abw,53.45,1944
abw,54.28,1945
abw,55.11,1946
abw,55.94,1947
abw,56.76,1948
abw,57.59,1949
abw,58.42,1950
abw,58.96,1951
abw,60.01,1952
abw,60.98,1953
abw,61.87,1954
abw,62.69,1955
abw,63.42,1956
abw,64.09,1957
abw,64.68,1958
abw,65.2,1959
abw,65.66,1960
abw,66.07,1961
abw,66.44,1962
abw,66.79,1963
abw,67.11,1964
abw,67.44,1965
abw,67.76,1966
abw,68.09,1967
abw,68.44,1968
abw,68.78,1969
abw,69.14,1970
abw,69.5,1971
abw,69.85,1972
abw,70.19,1973
abw,70.52,1974
abw,70.83,1975
abw,71.14,1976
abw,71.44,1977
abw,71.74,1978
abw,72.02,1979
abw,72.29,1980
abw,73.47,1981
abw,73.51,1982
abw,73.54,1983
abw,73.57,1984
abw,73.6,1985
abw,73.62,1986
abw,73.64,1987
abw,73.67,1988
abw,73.7,1989
abw,73.73,1990
abw,73.78,1991
abw,73.85,1992
abw,73.94,1993
abw,74.05,1994
abw,74.17,1995
abw,74.32,1996
abw,74.47,1997
abw,74.62,1998
abw,74.77,1999
abw,74.92,2000
abw,75.06,2001
abw,75.19,2002
abw,75.32,2003
abw,75.45,2004
aus,34.05,1800
aus,34.05,1801
aus,34.05,1802
aus,34.05,1803
aus,34.05,1804
aus,34.05,1805
aus,34.05,1806
aus,34.05,1807
aus,34.05,1808
aus,34.05,1809
aus,34.05,1810
aus,34.05,1811
aus,34.05,1812
aus,34.05,1813
aus,34.05,1814
aus,34.05,1815
aus,34.05,1816
aus,34.05,1817
aus,34.05,1818
aus,34.05,1819
aus,34.05,1820
aus,34.05,1821
aus,34.05,1822
aus,34.05,1823
aus,34.05,1824
aus,34.05,1825
aus,34.05,1826
aus,34.05,1827
aus,34.05,1828
aus,34.05,1829
aus,34.05,1830
aus,34.05,1831
aus,34.05,1832
aus,34.05,1833
aus,34.05,1834
aus,34.05,1835
aus,34.05,1836
aus,34.05,1837
aus,34.05,1838
aus,34.05,1839
aus,34.05,1840
aus,34.05,1841
aus,34.05,1842
aus,34.05,1843
aus,34.05,1844
aus,34.05,1845
aus,34.05,1846
aus,34.05,1847
aus,34.05,1848
aus,34.05,1849
aus,34.05,1850
aus,34.05,1851
aus,34.05,1852
aus,34.05,1853
aus,34.05,1854
aus,34.05,1855
aus,34.05,1856
aus,34.05,1857
aus,34.05,1858
aus,34.05,1859
aus,34.05,1860
aus,34.05,1861
aus,34.05,1862
aus,34.05,1863
aus,34.05,1864
aus,34.05,1865
aus,34.05,1866
aus,34.05,1867
aus,34.05,1868
aus,34.05,1869
aus,34.05,1870
aus,34.58,1871
aus,35.11,1872
aus,35.64,1873
aus,36.17,1874
aus,36.7,1875
aus,37.23,1876
aus,37.75,1877
aus,38.28,1878
aus,38.81,1879
aus,39.34,1880
aus,39.87,1881
aus,40.4,1882
aus,40.93,1883
aus,41.46,1884
aus,41.99,1885
aus,42.52,1886
aus,43.05,1887
aus,43.58,1888
aus,44.11,1889
aus,44.63,1890
aus,45.16,1891
aus,45.69,1892
aus,46.22,1893
aus,46.75,1894
aus,47.28,1895
aus,47.81,1896
aus,48.34,1897
aus,48.87,1898
aus,49.4,1899
aus,49.93,1900
aus,50.46,1901
aus,50.98,1902
aus,51.51,1903
aus,52.04,1904
aus,52.57,1905
aus,53.1,1906
aus,53.63,1907
aus,54.16,1908
aus,54.69,1909
aus,55.22,1910
aus,55.75,1911
aus,56.28,1912
aus,56.81,1913
aus,57.34,1914
aus,57.86,1915
aus,58.39,1916
aus,58.92,1917
aus,54.8,1918
aus,59.98,1919
aus,60.51,1920
aus,61.04,1921
aus,62.9,1922
aus,61.74,1923
aus,62.55,1924
aus,63.24,1925
aus,62.96,1926
aus,62.94,1927
aus,62.99,1928
aus,63.18,1929
aus,65,1930
aus,65.43,1931
aus,65.74,1932
aus,65.57,1933
aus,64.93,1934
aus,65.21,1935
aus,65.33,1936
aus,65.89,1937
aus,65.94,1938
aus,65.89,1939
aus,66.34,1940
aus,66.22,1941
aus,65.96,1942
aus,66.49,1943
aus,68.12,1944
aus,68.55,1945
aus,68.08,1946
aus,68.69,1947
aus,68.62,1948
aus,69.24,1949
aus,69.13,1950
aus,68.84,1951
aus,69.24,1952
aus,69.83,1953
aus,69.98,1954
aus,70.3,1955
aus,70.19,1956
aus,70.47,1957
aus,71.02,1958
aus,70.6,1959
aus,71.04,1960
aus,71.32,1961
aus,71.09,1962
aus,71.15,1963
aus,70.82,1964
aus,71.15,1965
aus,70.99,1966
aus,71.28,1967
aus,70.91,1968
aus,71.33,1969
aus,71,1970
aus,71.3,1971
aus,71.7,1972
aus,72,1973
aus,72.1,1974
aus,72.5,1975
aus,73,1976
aus,73.4,1977
aus,73.8,1978
aus,74.2,1979
aus,74.5,1980
aus,74.8,1981
aus,75,1982
aus,75.3,1983
aus,75.5,1984
aus,75.7,1985
aus,76,1986
aus,76.2,1987
aus,76.4,1988
aus,76.6,1989
aus,77,1990
aus,77.4,1991
aus,77.7,1992
aus,78,1993
aus,78.2,1994
aus,78.4,1995
aus,78.6,1996
aus,78.9,1997
aus,79.1,1998
aus,79.3,1999
aus,79.7,2000
aus,80.1,2001
aus,80.4,2002
aus,80.7,2003
aus,81,2004
aus,81.2,2005
aus,81.4,2006
aus,81.5,2007
aus,81.5,2008
aus,81.6,2009
aus,81.7,2010
aus,81.8,2011
aus,81.8,2012
aus,81.8,2013
aus,81.8,2014
aus,81.8,2015
aut,34.4,1800
aut,34.4,1801
aut,34.4,1802
aut,34.4,1803
aut,34.4,1804
aut,34.4,1805
aut,34.4,1806
aut,34.4,1807
aut,34.4,1808
aut,34.4,1809
aut,34.4,1810
aut,34.4,1811
aut,34.4,1812
aut,34.4,1813
aut,34.4,1814
aut,34.4,1815
aut,34.4,1816
aut,34.4,1817
aut,34.4,1818
aut,34.4,1819
aut,34.4,1820
aut,34.4,1821
aut,34.4,1822
aut,34.4,1823
aut,34.4,1824
aut,34.4,1825
aut,34.4,1826
aut,34.4,1827
aut,34.4,1828
aut,34.4,1829
aut,34.4,1830
aut,34.4,1831
aut,34.4,1832
aut,34.4,1833
aut,34.4,1834
aut,34.4,1835
aut,34.4,1836
aut,34.4,1837
aut,34.4,1838
aut,34.4,1839
aut,34.4,1840
aut,34.4,1841
aut,34.4,1842
aut,34.4,1843
aut,34.4,1844
aut,34.4,1845
aut,34.4,1846
aut,34.4,1847
aut,34.4,1848
aut,34.4,1849
aut,34.4,1850
aut,34.4,1851
aut,34.4,1852
aut,34.4,1853
aut,34.4,1854
aut,34.4,1855
aut,34.4,1856
aut,34.4,1857
aut,34.4,1858
aut,34.4,1859
aut,34.4,1860
aut,34.4,1861
aut,34.4,1862
aut,34.4,1863
aut,34.4,1864
aut,34.4,1865
aut,34.4,1866
aut,34.4,1867
aut,34.4,1868
aut,34.4,1869
aut,34.4,1870
aut,34.45,1871
aut,34.51,1872
aut,34.56,1873
aut,34.62,1874
aut,34.67,1875
aut,34.73,1876
aut,34.78,1877
aut,34.84,1878
aut,34.89,1879
aut,34.95,1880
aut,35,1881
aut,35.23,1882
aut,35.46,1883
aut,35.69,1884
aut,35.92,1885
aut,36.15,1886
aut,36.38,1887
aut,36.61,1888
aut,36.84,1889
aut,37.07,1890
aut,37.3,1891
aut,37.77,1892
aut,38.24,1893
aut,38.71,1894
aut,39.18,1895
aut,39.65,1896
aut,40.12,1897
aut,40.59,1898
aut,41.06,1899
aut,41.53,1900
aut,42,1901
aut,41.05,1902
aut,40.1,1903
aut,40.73,1904
aut,41.35,1905
aut,41.98,1906
aut,42.6,1907
aut,43.23,1908
aut,43.85,1909
aut,44.48,1910
aut,45.1,1911
aut,45.67,1912
aut,46.24,1913
aut,46.8,1914
aut,47.37,1915
aut,47.94,1916
aut,48.51,1917
aut,32.43,1918
aut,49.64,1919
aut,50.21,1920
aut,50.78,1921
aut,51.35,1922
aut,51.92,1923
aut,52.49,1924
aut,53.07,1925
aut,53.64,1926
aut,54.21,1927
aut,54.78,1928
aut,55.35,1929
aut,55.92,1930
aut,56.49,1931
aut,56.8,1932
aut,57.11,1933
aut,57.42,1934
aut,57.72,1935
aut,58.03,1936
aut,58.34,1937
aut,58.65,1938
aut,58.17,1939
aut,57.88,1940
aut,56.58,1941
aut,54.18,1942
aut,50.29,1943
aut,39.19,1944
aut,31.49,1945
aut,56.1,1946
aut,61.41,1947
aut,63.35,1948
aut,63.54,1949
aut,64.99,1950
aut,65.38,1951
aut,66.92,1952
aut,67.42,1953
aut,67.45,1954
aut,67.73,1955
aut,67.86,1956
aut,67.62,1957
aut,68.63,1958
aut,68.57,1959
aut,68.93,1960
aut,69.91,1961
aut,69.7,1962
aut,69.83,1963
aut,70.33,1964
aut,70.12,1965
aut,70.43,1966
aut,70.32,1967
aut,70.47,1968
aut,70.25,1969
aut,70.3,1970
aut,70.4,1971
aut,70.6,1972
aut,71,1973
aut,71.1,1974
aut,71.5,1975
aut,71.9,1976
aut,72.2,1977
aut,72.4,1978
aut,72.5,1979
aut,72.7,1980
aut,72.9,1981
aut,73,1982
aut,73.3,1983
aut,73.6,1984
aut,74,1985
aut,74.5,1986
aut,75,1987
aut,75.4,1988
aut,75.6,1989
aut,75.7,1990
aut,75.8,1991
aut,76,1992
aut,76.2,1993
aut,76.5,1994
aut,76.8,1995
aut,77.2,1996
aut,77.6,1997
aut,77.8,1998
aut,78,1999
aut,78.2,2000
aut,78.4,2001
aut,78.7,2002
aut,79,2003
aut,79.3,2004
aut,79.6,2005
aut,80,2006
aut,80.2,2007
aut,80.4,2008
aut,80.4,2009
aut,80.5,2010
aut,80.7,2011
aut,80.7,2012
aut,80.8,2013
aut,80.9,2014
aut,81,2015
aze,29.16,1800
aze,29.16,1801
aze,29.16,1802
aze,29.16,1803
aze,29.16,1804
aze,29.16,1805
aze,29.16,1806
aze,29.16,1807
aze,29.16,1808
aze,29.16,1809
aze,29.16,1810
aze,29.16,1811
aze,29.16,1812
aze,29.16,1813
aze,29.16,1814
aze,29.16,1815
aze,29.16,1816
aze,29.16,1817
aze,29.16,1818
aze,29.16,1819
aze,29.16,1820
aze,29.16,1821
aze,29.16,1822
aze,29.16,1823
aze,29.16,1824
aze,29.16,1825
aze,29.16,1826
aze,29.16,1827
aze,29.16,1828
aze,29.16,1829
aze,29.16,1830
aze,29.16,1831
aze,29.16,1832
aze,29.16,1833
aze,29.16,1834
aze,29.16,1835
aze,29.16,1836
aze,29.16,1837
aze,29.16,1838
aze,29.16,1839
aze,29.16,1840
aze,29.16,1841
aze,29.16,1842
aze,29.16,1843
aze,29.16,1844
aze,29.16,1845
aze,29.16,1846
aze,29.16,1847
aze,29.16,1848
aze,29.16,1849
aze,29.16,1850
aze,29.16,1851
aze,29.16,1852
aze,29.16,1853
aze,29.16,1854
aze,29.16,1855
aze,29.16,1856
aze,29.16,1857
aze,29.16,1858
aze,29.16,1859
aze,29.16,1860
aze,29.16,1861
aze,29.16,1862
aze,29.16,1863
aze,28.64,1864
aze,28.12,1865
aze,27.59,1866
aze,27.07,1867
aze,26.55,1868
aze,26.59,1869
aze,26.63,1870
aze,26.68,1871
aze,26.72,1872
aze,26.77,1873
aze,26.96,1874
aze,27.16,1875
aze,27.36,1876
aze,27.57,1877
aze,27.77,1878
aze,27.96,1879
aze,28.16,1880
aze,28.36,1881
aze,28.57,1882
aze,28.77,1883
aze,28.96,1884
aze,29.16,1885
aze,29.36,1886
aze,29.57,1887
aze,29.77,1888
aze,29.96,1889
aze,30.16,1890
aze,30.36,1891
aze,30.57,1892
aze,30.77,1893
aze,30.96,1894
aze,31.16,1895
aze,31.36,1896
aze,31.57,1897
aze,31.4,1898
aze,31.23,1899
aze,31.07,1900
aze,31.32,1901
aze,31.57,1902
aze,31.82,1903
aze,32.06,1904
aze,32.31,1905
aze,32.56,1906
aze,32.81,1907
aze,33.06,1908
aze,33.31,1909
aze,33.56,1910
aze,36.52,1911
aze,36.95,1912
aze,34.78,1913
aze,34.37,1914
aze,33.97,1915
aze,33.97,1916
aze,30.96,1917
aze,22,1918
aze,32,1919
aze,30,1920
aze,32.92,1921
aze,33.83,1922
aze,34.78,1923
aze,37.2,1924
aze,36.21,1925
aze,39.33,1926
aze,38.58,1927
aze,40,1928
aze,38.67,1929
aze,37.91,1930
aze,36.07,1931
aze,33.48,1932
aze,25.9,1933
aze,39.93,1934
aze,41.4,1935
aze,42.99,1936
aze,41.91,1937
aze,43.51,1938
aze,45.83,1939
aze,43.27,1940
aze,28.52,1941
aze,24.94,1942
aze,22.85,1943
aze,29.97,1944
aze,39.88,1945
aze,49.76,1946
aze,41.68,1947
aze,49.66,1948
aze,52.38,1949
aze,54.59,1950
aze,54.72,1951
aze,55.04,1952
aze,55.37,1953
aze,55.7,1954
aze,56.02,1955
aze,56.34,1956
aze,56.67,1957
aze,56.99,1958
aze,57.32,1959
aze,57.64,1960
aze,57.97,1961
aze,58.31,1962
aze,58.64,1963
aze,58.97,1964
aze,59.31,1965
aze,59.64,1966
aze,59.96,1967
aze,60.28,1968
aze,60.56,1969
aze,60.8,1970
aze,61.5,1971
aze,62,1972
aze,62.6,1973
aze,63.2,1974
aze,63.7,1975
aze,64.3,1976
aze,64.6,1977
aze,64.9,1978
aze,65.2,1979
aze,65.3,1980
aze,65.5,1981
aze,65.6,1982
aze,65.8,1983
aze,66,1984
aze,66.2,1985
aze,66.3,1986
aze,66.4,1987
aze,66.4,1988
aze,66.4,1989
aze,66.1,1990
aze,65.9,1991
aze,65.1,1992
aze,65.1,1993
aze,65.1,1994
aze,65.6,1995
aze,66.1,1996
aze,66.5,1997
aze,67,1998
aze,67.5,1999
aze,68,2000
aze,68.5,2001
aze,68.9,2002
aze,69.1,2003
aze,69.3,2004
aze,69.5,2005
aze,69.9,2006
aze,70.3,2007
aze,70.6,2008
aze,71,2009
aze,71.4,2010
aze,71.7,2011
aze,72,2012
aze,72.3,2013
aze,72.6,2014
aze,72.9,2015
bhs,35.18,1800
bhs,35.18,1801
bhs,35.18,1802
bhs,35.18,1803
bhs,35.18,1804
bhs,35.18,1805
bhs,35.18,1806
bhs,35.18,1807
bhs,35.18,1808
bhs,35.18,1809
bhs,35.18,1810
bhs,35.18,1811
bhs,35.18,1812
bhs,35.18,1813
bhs,35.18,1814
bhs,35.18,1815
bhs,35.18,1816
bhs,35.18,1817
bhs,35.18,1818
bhs,35.18,1819
bhs,35.18,1820
bhs,35.18,1821
bhs,35.18,1822
bhs,35.18,1823
bhs,35.18,1824
bhs,35.18,1825
bhs,35.18,1826
bhs,35.18,1827
bhs,35.18,1828
bhs,35.18,1829
bhs,35.18,1830
bhs,35.18,1831
bhs,35.18,1832
bhs,35.18,1833
bhs,35.18,1834
bhs,35.18,1835
bhs,35.18,1836
bhs,35.18,1837
bhs,35.18,1838
bhs,35.18,1839
bhs,35.18,1840
bhs,35.18,1841
bhs,35.18,1842
bhs,35.18,1843
bhs,35.18,1844
bhs,35.18,1845
bhs,35.18,1846
bhs,35.18,1847
bhs,35.18,1848
bhs,35.18,1849
bhs,35.18,1850
bhs,35.18,1851
bhs,35.18,1852
bhs,35.18,1853
bhs,35.18,1854
bhs,35.18,1855
bhs,35.18,1856
bhs,35.18,1857
bhs,35.18,1858
bhs,35.18,1859
bhs,35.18,1860
bhs,35.18,1861
bhs,35.18,1862
bhs,35.18,1863
bhs,35.18,1864
bhs,35.18,1865
bhs,35.18,1866
bhs,35.18,1867
bhs,35.18,1868
bhs,35.18,1869
bhs,35.18,1870
bhs,35.18,1871
bhs,35.18,1872
bhs,35.18,1873
bhs,35.18,1874
bhs,35.18,1875
bhs,35.18,1876
bhs,35.18,1877
bhs,35.18,1878
bhs,35.18,1879
bhs,35.18,1880
bhs,35.18,1881
bhs,35.18,1882
bhs,35.18,1883
bhs,35.18,1884
bhs,35.18,1885
bhs,35.18,1886
bhs,35.18,1887
bhs,35.18,1888
bhs,35.18,1889
bhs,35.18,1890
bhs,35.18,1891
bhs,35.18,1892
bhs,35.18,1893
bhs,35.18,1894
bhs,35.18,1895
bhs,35.18,1896
bhs,35.18,1897
bhs,35.18,1898
bhs,35.18,1899
bhs,35.18,1900
bhs,35.18,1901
bhs,35.18,1902
bhs,35.18,1903
bhs,35.18,1904
bhs,35.18,1905
bhs,35.18,1906
bhs,35.18,1907
bhs,35.18,1908
bhs,35.18,1909
bhs,35.18,1910
bhs,35.18,1911
bhs,35.18,1912
bhs,35.18,1913
bhs,35.18,1914
bhs,35.18,1915
bhs,35.18,1916
bhs,35.18,1917
bhs,22.82,1918
bhs,35.18,1919
bhs,35.18,1920
bhs,35.12,1921
bhs,35.89,1922
bhs,36.66,1923
bhs,37.43,1924
bhs,38.21,1925
bhs,38.98,1926
bhs,39.75,1927
bhs,40.52,1928
bhs,41.29,1929
bhs,42.06,1930
bhs,42.83,1931
bhs,43.6,1932
bhs,44.37,1933
bhs,45.14,1934
bhs,45.91,1935
bhs,46.68,1936
bhs,47.45,1937
bhs,48.22,1938
bhs,49,1939
bhs,49.77,1940
bhs,50.54,1941
bhs,51.31,1942
bhs,52.08,1943
bhs,52.85,1944
bhs,53.62,1945
bhs,54.39,1946
bhs,55.16,1947
bhs,55.93,1948
bhs,56.7,1949
bhs,57.47,1950
bhs,57.63,1951
bhs,58,1952
bhs,58.37,1953
bhs,58.72,1954
bhs,59.06,1955
bhs,59.39,1956
bhs,59.71,1957
bhs,60.02,1958
bhs,60.32,1959
bhs,60.61,1960
bhs,60.89,1961
bhs,61.16,1962
bhs,61.43,1963
bhs,61.69,1964
bhs,61.94,1965
bhs,62.18,1966
bhs,62.42,1967
bhs,62.65,1968
bhs,62.88,1969
bhs,63.1,1970
bhs,63.7,1971
bhs,64.2,1972
bhs,64.9,1973
bhs,65.5,1974
bhs,65.9,1975
bhs,66.2,1976
bhs,66.3,1977
bhs,66.2,1978
bhs,66,1979
bhs,65.9,1980
bhs,66.1,1981
bhs,66.4,1982
bhs,66.7,1983
bhs,67,1984
bhs,67.2,1985
bhs,67.3,1986
bhs,67.5,1987
bhs,67.8,1988
bhs,68.2,1989
bhs,68.6,1990
bhs,68.8,1991
bhs,68.9,1992
bhs,69,1993
bhs,69,1994
bhs,69,1995
bhs,69.2,1996
bhs,69.4,1997
bhs,69.6,1998
bhs,70,1999
bhs,70.3,2000
bhs,70.6,2001
bhs,70.8,2002
bhs,71.2,2003
bhs,71.9,2004
bhs,72.1,2005
bhs,72.1,2006
bhs,72.1,2007
bhs,72.2,2008
bhs,72.3,2009
bhs,72.4,2010
bhs,72.5,2011
bhs,72.6,2012
bhs,72.5,2013
bhs,72.4,2014
bhs,72.3,2015
bhr,30.3,1800
bhr,30.3,1801
bhr,30.3,1802
bhr,30.3,1803
bhr,30.3,1804
bhr,30.3,1805
bhr,30.3,1806
bhr,30.3,1807
bhr,30.3,1808
bhr,30.3,1809
bhr,30.3,1810
bhr,30.3,1811
bhr,30.3,1812
bhr,30.3,1813
bhr,30.3,1814
bhr,30.3,1815
bhr,30.3,1816
bhr,30.3,1817
bhr,30.3,1818
bhr,30.3,1819
bhr,30.3,1820
bhr,30.3,1821
bhr,30.3,1822
bhr,30.3,1823
bhr,30.3,1824
bhr,30.3,1825
bhr,30.3,1826
bhr,30.3,1827
bhr,30.3,1828
bhr,30.3,1829
bhr,30.3,1830
bhr,30.3,1831
bhr,30.3,1832
bhr,30.3,1833
bhr,30.3,1834
bhr,30.3,1835
bhr,30.3,1836
bhr,30.3,1837
bhr,30.3,1838
bhr,30.3,1839
bhr,30.3,1840
bhr,30.3,1841
bhr,30.3,1842
bhr,30.3,1843
bhr,30.3,1844
bhr,30.3,1845
bhr,30.3,1846
bhr,30.3,1847
bhr,30.3,1848
bhr,30.3,1849
bhr,30.3,1850
bhr,30.3,1851
bhr,30.3,1852
bhr,30.3,1853
bhr,30.3,1854
bhr,30.3,1855
bhr,30.3,1856
bhr,30.3,1857
bhr,30.3,1858
bhr,30.3,1859
bhr,30.3,1860
bhr,30.3,1861
bhr,30.3,1862
bhr,30.3,1863
bhr,30.3,1864
bhr,30.3,1865
bhr,30.3,1866
bhr,30.3,1867
bhr,30.3,1868
bhr,30.3,1869
bhr,30.3,1870
bhr,30.3,1871
bhr,30.3,1872
bhr,30.3,1873
bhr,30.3,1874
bhr,30.3,1875
bhr,30.3,1876
bhr,30.3,1877
bhr,30.3,1878
bhr,30.3,1879
bhr,30.3,1880
bhr,30.3,1881
bhr,30.3,1882
bhr,30.3,1883
bhr,30.3,1884
bhr,30.3,1885
bhr,30.3,1886
bhr,30.3,1887
bhr,30.3,1888
bhr,30.3,1889
bhr,30.3,1890
bhr,30.3,1891
bhr,30.3,1892
bhr,30.3,1893
bhr,30.3,1894
bhr,30.3,1895
bhr,30.3,1896
bhr,30.3,1897
bhr,30.3,1898
bhr,30.3,1899
bhr,30.3,1900
bhr,30.3,1901
bhr,30.3,1902
bhr,30.3,1903
bhr,30.3,1904
bhr,30.3,1905
bhr,30.3,1906
bhr,30.3,1907
bhr,30.3,1908
bhr,30.3,1909
bhr,30.3,1910
bhr,30.3,1911
bhr,30.3,1912
bhr,30.3,1913
bhr,30.3,1914
bhr,30.3,1915
bhr,30.3,1916
bhr,30.3,1917
bhr,25.12,1918
bhr,30.3,1919
bhr,30.3,1920
bhr,30.33,1921
bhr,30.36,1922
bhr,30.39,1923
bhr,30.42,1924
bhr,30.46,1925
bhr,30.49,1926
bhr,30.52,1927
bhr,30.55,1928
bhr,30.58,1929
bhr,30.61,1930
bhr,30.64,1931
bhr,30.67,1932
bhr,30.7,1933
bhr,30.73,1934
bhr,30.77,1935
bhr,31.52,1936
bhr,32.28,1937
bhr,33.03,1938
bhr,33.79,1939
bhr,34.54,1940
bhr,35.3,1941
bhr,36.05,1942
bhr,36.81,1943
bhr,37.56,1944
bhr,38.32,1945
bhr,39.07,1946
bhr,39.83,1947
bhr,40.58,1948
bhr,41.34,1949
bhr,42.09,1950
bhr,42.54,1951
bhr,43.45,1952
bhr,44.43,1953
bhr,45.48,1954
bhr,46.6,1955
bhr,47.79,1956
bhr,49.05,1957
bhr,50.36,1958
bhr,51.72,1959
bhr,53.11,1960
bhr,54.5,1961
bhr,55.89,1962
bhr,57.24,1963
bhr,58.55,1964
bhr,59.78,1965
bhr,60.95,1966
bhr,62.06,1967
bhr,63.1,1968
bhr,64.08,1969
bhr,65,1970
bhr,65.6,1971
bhr,66.3,1972
bhr,67,1973
bhr,67.7,1974
bhr,68.2,1975
bhr,68.8,1976
bhr,69.4,1977
bhr,69.8,1978
bhr,70.3,1979
bhr,70.6,1980
bhr,71,1981
bhr,71.2,1982
bhr,71.3,1983
bhr,71.5,1984
bhr,71.5,1985
bhr,71.4,1986
bhr,71.4,1987
bhr,71.3,1988
bhr,71.4,1989
bhr,71.4,1990
bhr,71.6,1991
bhr,71.8,1992
bhr,72.1,1993
bhr,72.4,1994
bhr,72.7,1995
bhr,72.9,1996
bhr,73.1,1997
bhr,73.2,1998
bhr,73.5,1999
bhr,73.6,2000
bhr,73.8,2001
bhr,74.1,2002
bhr,74.4,2003
bhr,74.8,2004
bhr,75.2,2005
bhr,75.7,2006
bhr,76.4,2007
bhr,77.1,2008
bhr,77.7,2009
bhr,78.2,2010
bhr,78.4,2011
bhr,78.9,2012
bhr,79,2013
bhr,79.1,2014
bhr,79.2,2015
bgd,25.5,1800
bgd,25.5,1801
bgd,25.5,1802
bgd,25.5,1803
bgd,25.5,1804
bgd,25.5,1805
bgd,25.5,1806
bgd,25.5,1807
bgd,25.5,1808
bgd,25.5,1809
bgd,25.5,1810
bgd,25.5,1811
bgd,25.5,1812
bgd,25.5,1813
bgd,25.5,1814
bgd,25.5,1815
bgd,25.5,1816
bgd,25.5,1817
bgd,25.5,1818
bgd,25.5,1819
bgd,25.5,1820
bgd,25.5,1821
bgd,25.5,1822
bgd,25.5,1823
bgd,25.5,1824
bgd,25.5,1825
bgd,25.5,1826
bgd,25.5,1827
bgd,25.5,1828
bgd,25.5,1829
bgd,25.5,1830
bgd,25.5,1831
bgd,25.5,1832
bgd,25.5,1833
bgd,25.5,1834
bgd,25.5,1835
bgd,25.5,1836
bgd,25.5,1837
bgd,25.5,1838
bgd,25.5,1839
bgd,25.5,1840
bgd,25.5,1841
bgd,25.5,1842
bgd,25.5,1843
bgd,25.5,1844
bgd,25.5,1845
bgd,25.5,1846
bgd,25.5,1847
bgd,25.5,1848
bgd,25.5,1849
bgd,25.5,1850
bgd,25.5,1851
bgd,25.5,1852
bgd,25.5,1853
bgd,25.5,1854
bgd,25.5,1855
bgd,25.5,1856
bgd,25.5,1857
bgd,25.5,1858
bgd,25.5,1859
bgd,25.5,1860
bgd,25.5,1861
bgd,25.5,1862
bgd,25.5,1863
bgd,25,1864
bgd,24,1865
bgd,25.2,1866
bgd,25.5,1867
bgd,25.5,1868
bgd,25.5,1869
bgd,25.5,1870
bgd,25.5,1871
bgd,25.5,1872
bgd,25.5,1873
bgd,25.5,1874
bgd,25.5,1875
bgd,25.5,1876
bgd,25.27,1877
bgd,25.04,1878
bgd,24.81,1879
bgd,24.58,1880
bgd,24.35,1881
bgd,24.12,1882
bgd,23.89,1883
bgd,23.66,1884
bgd,23.43,1885
bgd,23.2,1886
bgd,23.08,1887
bgd,22.96,1888
bgd,22.84,1889
bgd,22.72,1890
bgd,21.6,1891
bgd,21,1892
bgd,22.36,1893
bgd,22.18,1894
bgd,22,1895
bgd,20,1896
bgd,19,1897
bgd,21.86,1898
bgd,21.82,1899
bgd,21.77,1900
bgd,21.73,1901
bgd,21.68,1902
bgd,21.64,1903
bgd,21.59,1904
bgd,21.55,1905
bgd,21.5,1906
bgd,21.67,1907
bgd,21.84,1908
bgd,22.01,1909
bgd,22.18,1910
bgd,22.35,1911
bgd,22.52,1912
bgd,22.69,1913
bgd,22.86,1914
bgd,23.03,1915
bgd,23.2,1916
bgd,23.37,1917
bgd,13.05,1918
bgd,23.71,1919
bgd,23.88,1920
bgd,23.99,1921
bgd,24.1,1922
bgd,24.22,1923
bgd,24.33,1924
bgd,24.44,1925
bgd,24.55,1926
bgd,25.24,1927
bgd,25.93,1928
bgd,26.62,1929
bgd,27.31,1930
bgd,28,1931
bgd,28.69,1932
bgd,29.38,1933
bgd,30.07,1934
bgd,30.76,1935
bgd,31.45,1936
bgd,32.14,1937
bgd,32.83,1938
bgd,33.52,1939
bgd,34.21,1940
bgd,34.9,1941
bgd,32.55,1942
bgd,22.22,1943
bgd,24.61,1944
bgd,35.64,1945
bgd,41.5,1946
bgd,35.52,1947
bgd,36.96,1948
bgd,40.33,1949
bgd,41.15,1950
bgd,41.25,1951
bgd,41.53,1952
bgd,41.84,1953
bgd,42.17,1954
bgd,42.52,1955
bgd,42.91,1956
bgd,43.32,1957
bgd,43.76,1958
bgd,44.23,1959
bgd,44.73,1960
bgd,45.26,1961
bgd,45.79,1962
bgd,46.31,1963
bgd,46.76,1964
bgd,47.06,1965
bgd,47.08,1966
bgd,46.8,1967
bgd,46.24,1968
bgd,45.48,1969
bgd,44.7,1970
bgd,50.9,1971
bgd,51.1,1972
bgd,51.3,1973
bgd,51,1974
bgd,51.9,1975
bgd,52.2,1976
bgd,52.5,1977
bgd,52.9,1978
bgd,53.3,1979
bgd,53.8,1980
bgd,54.2,1981
bgd,54.7,1982
bgd,55.1,1983
bgd,55.6,1984
bgd,55.8,1985
bgd,56.5,1986
bgd,56.9,1987
bgd,57.3,1988
bgd,57.9,1989
bgd,58.5,1990
bgd,57.2,1991
bgd,60.1,1992
bgd,60.9,1993
bgd,61.6,1994
bgd,62.4,1995
bgd,63.2,1996
bgd,63.9,1997
bgd,64.6,1998
bgd,65.2,1999
bgd,65.8,2000
bgd,66.3,2001
bgd,66.8,2002
bgd,67.2,2003
bgd,67.6,2004
bgd,67.9,2005
bgd,68.1,2006
bgd,68.1,2007
bgd,68.4,2008
bgd,68.5,2009
bgd,68.6,2010
bgd,68.9,2011
bgd,69.2,2012
bgd,69.5,2013
bgd,69.8,2014
bgd,70.1,2015
brb,32.12,1800
brb,32.12,1801
brb,32.12,1802
brb,32.12,1803
brb,32.12,1804
brb,32.12,1805
brb,32.12,1806
brb,32.12,1807
brb,32.12,1808
brb,32.12,1809
brb,32.12,1810
brb,32.12,1811
brb,32.12,1812
brb,32.12,1813
brb,32.12,1814
brb,32.12,1815
brb,32.12,1816
brb,32.12,1817
brb,32.12,1818
brb,32.12,1819
brb,32.12,1820
brb,32.12,1821
brb,32.12,1822
brb,32.12,1823
brb,32.12,1824
brb,32.12,1825
brb,32.12,1826
brb,32.12,1827
brb,32.12,1828
brb,32.12,1829
brb,32.12,1830
brb,32.12,1831
brb,32.12,1832
brb,32.12,1833
brb,32.12,1834
brb,32.12,1835
brb,32.12,1836
brb,32.12,1837
brb,32.12,1838
brb,32.12,1839
brb,32.12,1840
brb,32.12,1841
brb,32.12,1842
brb,32.12,1843
brb,32.12,1844
brb,32.12,1845
brb,32.12,1846
brb,32.12,1847
brb,32.12,1848
brb,32.12,1849
brb,32.12,1850
brb,32.12,1851
brb,32.12,1852
brb,32.12,1853
brb,32.12,1854
brb,32.12,1855
brb,32.12,1856
brb,32.12,1857
brb,32.12,1858
brb,32.12,1859
brb,32.12,1860
brb,32.12,1861
brb,32.12,1862
brb,32.12,1863
brb,32.12,1864
brb,32.12,1865
brb,32.12,1866
brb,32.12,1867
brb,32.12,1868
brb,32.12,1869
brb,32.12,1870
brb,32.12,1871
brb,32.12,1872
brb,32.12,1873
brb,32.12,1874
brb,32.12,1875
brb,32.12,1876
brb,32.12,1877
brb,32.12,1878
brb,32.12,1879
brb,32.12,1880
brb,32.12,1881
brb,32.12,1882
brb,32.12,1883
brb,32.12,1884
brb,32.12,1885
brb,32.12,1886
brb,32.12,1887
brb,32.12,1888
brb,32.12,1889
brb,32.12,1890
brb,32.12,1891
brb,32.12,1892
brb,32.12,1893
brb,32.12,1894
brb,32.12,1895
brb,32.12,1896
brb,32.12,1897
brb,32.12,1898
brb,32.12,1899
brb,32.12,1900
brb,32.12,1901
brb,32.12,1902
brb,32.12,1903
brb,32.12,1904
brb,32.12,1905
brb,32.12,1906
brb,32.12,1907
brb,32.12,1908
brb,32.12,1909
brb,32.12,1910
brb,32.12,1911
brb,32.12,1912
brb,32.12,1913
brb,32.12,1914
brb,32.12,1915
brb,32.12,1916
brb,32.12,1917
brb,20.83,1918
brb,32.12,1919
brb,32.12,1920
brb,32.2,1921
brb,33.1,1922
brb,34,1923
brb,34.9,1924
brb,35.8,1925
brb,36.7,1926
brb,37.6,1927
brb,38.5,1928
brb,39.4,1929
brb,40.3,1930
brb,41.2,1931
brb,42.1,1932
brb,43,1933
brb,43.9,1934
brb,44.8,1935
brb,45.7,1936
brb,46.6,1937
brb,47.5,1938
brb,48.4,1939
brb,49.3,1940
brb,50.2,1941
brb,51.1,1942
brb,52,1943
brb,52.9,1944
brb,53.8,1945
brb,54.7,1946
brb,55.6,1947
brb,56.5,1948
brb,57.41,1949
brb,58.31,1950
brb,58.65,1951
brb,59.28,1952
brb,59.89,1953
brb,60.5,1954
brb,61.09,1955
brb,61.68,1956
brb,62.26,1957
brb,62.83,1958
brb,63.39,1959
brb,63.94,1960
brb,64.48,1961
brb,65,1962
brb,65.52,1963
brb,66.02,1964
brb,66.51,1965
brb,66.99,1966
brb,67.45,1967
brb,67.91,1968
brb,68.36,1969
brb,68.8,1970
brb,68.9,1971
brb,69.1,1972
brb,69.2,1973
brb,69.5,1974
brb,69.7,1975
brb,70.1,1976
brb,70.5,1977
brb,71,1978
brb,71.5,1979
brb,72.1,1980
brb,72.6,1981
brb,73,1982
brb,73.2,1983
brb,73.3,1984
brb,73.3,1985
brb,73.2,1986
brb,73.1,1987
brb,73,1988
brb,73,1989
brb,73.1,1990
brb,73.2,1991
brb,73.2,1992
brb,73.3,1993
brb,73.3,1994
brb,73.4,1995
brb,73.5,1996
brb,73.6,1997
brb,73.8,1998
brb,74,1999
brb,74.3,2000
brb,74.5,2001
brb,74.5,2002
brb,74.6,2003
brb,74.9,2004
brb,75,2005
brb,75.1,2006
brb,75.2,2007
brb,75.3,2008
brb,75.3,2009
brb,75.4,2010
brb,75.5,2011
brb,75.5,2012
brb,75.6,2013
brb,75.7,2014
brb,75.8,2015
blr,36.2,1800
blr,36.2,1801
blr,36.2,1802
blr,36.2,1803
blr,36.2,1804
blr,36.2,1805
blr,36.2,1806
blr,36.2,1807
blr,36.2,1808
blr,36.2,1809
blr,36.2,1810
blr,36.2,1811
blr,36.2,1812
blr,36.2,1813
blr,36.2,1814
blr,36.2,1815
blr,36.2,1816
blr,36.2,1817
blr,36.2,1818
blr,36.2,1819
blr,36.2,1820
blr,36.2,1821
blr,36.2,1822
blr,36.2,1823
blr,36.2,1824
blr,36.2,1825
blr,36.2,1826
blr,36.2,1827
blr,36.2,1828
blr,36.2,1829
blr,36.2,1830
blr,36.2,1831
blr,36.2,1832
blr,36.2,1833
blr,36.2,1834
blr,36.2,1835
blr,36.2,1836
blr,36.2,1837
blr,36.2,1838
blr,36.2,1839
blr,36.2,1840
blr,36.2,1841
blr,36.2,1842
blr,36.2,1843
blr,36.2,1844
blr,36.2,1845
blr,36.2,1846
blr,36.2,1847
blr,36.2,1848
blr,36.2,1849
blr,36.2,1850
blr,36.2,1851
blr,36.2,1852
blr,36.2,1853
blr,36.2,1854
blr,36.2,1855
blr,36.2,1856
blr,36.2,1857
blr,36.2,1858
blr,36.2,1859
blr,36.2,1860
blr,36.2,1861
blr,36.2,1862
blr,36.2,1863
blr,36.2,1864
blr,36.2,1865
blr,36.2,1866
blr,36.2,1867
blr,36.2,1868
blr,36.2,1869
blr,36.2,1870
blr,36.2,1871
blr,36.2,1872
blr,36.2,1873
blr,36.2,1874
blr,36.2,1875
blr,36.2,1876
blr,36.2,1877
blr,36.2,1878
blr,36.2,1879
blr,36.2,1880
blr,36.2,1881
blr,36.2,1882
blr,36.2,1883
blr,36.2,1884
blr,36.2,1885
blr,36.2,1886
blr,36.2,1887
blr,36.2,1888
blr,36.2,1889
blr,36.2,1890
blr,36.2,1891
blr,36.2,1892
blr,36.2,1893
blr,36.2,1894
blr,36.2,1895
blr,36.2,1896
blr,36.2,1897
blr,36.2,1898
blr,36.2,1899
blr,36.2,1900
blr,36.81,1901
blr,37.42,1902
blr,38.03,1903
blr,38.65,1904
blr,39.26,1905
blr,39.87,1906
blr,40.48,1907
blr,41.09,1908
blr,41.7,1909
blr,42.31,1910
blr,42.92,1911
blr,43.54,1912
blr,44.15,1913
blr,42.92,1914
blr,37.37,1915
blr,37.37,1916
blr,35.37,1917
blr,31.37,1918
blr,33.37,1919
blr,30.42,1920
blr,33.71,1921
blr,34.59,1922
blr,43.47,1923
blr,45.96,1924
blr,45.04,1925
blr,48.22,1926
blr,47.31,1927
blr,48.89,1928
blr,46.97,1929
blr,46.91,1930
blr,47.89,1931
blr,39.13,1932
blr,25.79,1933
blr,41.89,1934
blr,51.73,1935
blr,52.41,1936
blr,51.14,1937
blr,52.38,1938
blr,52.16,1939
blr,51.94,1940
blr,19.66,1941
blr,14.64,1942
blr,13.62,1943
blr,20.61,1944
blr,29.59,1945
blr,57.25,1946
blr,47.18,1947
blr,59.81,1948
blr,62.6,1949
blr,64.53,1950
blr,64.74,1951
blr,65.17,1952
blr,65.58,1953
blr,65.99,1954
blr,66.38,1955
blr,66.77,1956
blr,67.14,1957
blr,67.49,1958
blr,68.42,1959
blr,71.19,1960
blr,71.9,1961
blr,70.6,1962
blr,71.24,1963
blr,72.76,1964
blr,72.28,1965
blr,72.63,1966
blr,72.36,1967
blr,72.45,1968
blr,72.04,1969
blr,71.5,1970
blr,71.5,1971
blr,71.6,1972
blr,71.6,1973
blr,71.6,1974
blr,71.5,1975
blr,71.4,1976
blr,71.2,1977
blr,71.1,1978
blr,70.9,1979
blr,70.8,1980
blr,70.7,1981
blr,70.6,1982
blr,70.5,1983
blr,70.6,1984
blr,71.1,1985
blr,71.6,1986
blr,71.9,1987
blr,71.7,1988
blr,71.3,1989
blr,70.8,1990
blr,70.3,1991
blr,69.6,1992
blr,69,1993
blr,68.5,1994
blr,68.2,1995
blr,68.1,1996
blr,68.1,1997
blr,68,1998
blr,68.1,1999
blr,68.2,2000
blr,68.1,2001
blr,68.1,2002
blr,68.2,2003
blr,68.4,2004
blr,68.8,2005
blr,69.2,2006
blr,69.8,2007
blr,70.1,2008
blr,70.2,2009
blr,70.2,2010
blr,70.1,2011
blr,70.1,2012
blr,70.2,2013
blr,70.3,2014
blr,70.4,2015
bel,40,1800
bel,40.01,1801
bel,40.02,1802
bel,40.02,1803
bel,40.03,1804
bel,40.04,1805
bel,40.05,1806
bel,40.06,1807
bel,40.06,1808
bel,40.07,1809
bel,40.08,1810
bel,40.09,1811
bel,40.1,1812
bel,40.1,1813
bel,40.11,1814
bel,40.12,1815
bel,40.13,1816
bel,40.14,1817
bel,40.14,1818
bel,40.15,1819
bel,40.16,1820
bel,40.17,1821
bel,40.18,1822
bel,40.19,1823
bel,40.19,1824
bel,40.2,1825
bel,40.21,1826
bel,40.22,1827
bel,40.23,1828
bel,40.23,1829
bel,40.24,1830
bel,40.25,1831
bel,40.26,1832
bel,40.27,1833
bel,40.27,1834
bel,40.28,1835
bel,40.29,1836
bel,40.3,1837
bel,40.31,1838
bel,40.31,1839
bel,40.32,1840
bel,40.33,1841
bel,38.66,1842
bel,40.36,1843
bel,41.9,1844
bel,41.03,1845
bel,37.83,1846
bel,35.11,1847
bel,38.04,1848
bel,34.5,1849
bel,42.28,1850
bel,41.88,1851
bel,41.77,1852
bel,41.33,1853
bel,39.78,1854
bel,37.49,1855
bel,40.92,1856
bel,40.49,1857
bel,40.18,1858
bel,38.98,1859
bel,45.12,1860
bel,41.27,1861
bel,43.12,1862
bel,41.33,1863
bel,39.81,1864
bel,37.74,1865
bel,32.47,1866
bel,43.08,1867
bel,42.56,1868
bel,42.58,1869
bel,40.92,1870
bel,34.35,1871
bel,40.04,1872
bel,43.48,1873
bel,44.67,1874
bel,42.17,1875
bel,43.68,1876
bel,44.48,1877
bel,44.24,1878
bel,43.84,1879
bel,42.48,1880
bel,44.42,1881
bel,45.54,1882
bel,44.89,1883
bel,44.24,1884
bel,45.48,1885
bel,43.36,1886
bel,46.06,1887
bel,44.92,1888
bel,45.07,1889
bel,44.14,1890
bel,44.06,1891
bel,43.16,1892
bel,44.44,1893
bel,46.65,1894
bel,45.46,1895
bel,48.06,1896
bel,48.82,1897
bel,48.12,1898
bel,46.49,1899
bel,46.59,1900
bel,49.44,1901
bel,49.18,1902
bel,49.26,1903
bel,49.32,1904
bel,50.01,1905
bel,49.74,1906
bel,51.11,1907
bel,49.7,1908
bel,50.7,1909
bel,51.37,1910
bel,49.25,1911
bel,52.26,1912
bel,52.51,1913
bel,42,1914
bel,40,1915
bel,42,1916
bel,43,1917
bel,34.94,1918
bel,49.86,1919
bel,53.66,1920
bel,54.75,1921
bel,55.15,1922
bel,56.77,1923
bel,57.51,1924
bel,57.16,1925
bel,56.97,1926
bel,57.2,1927
bel,57.53,1928
bel,55.08,1929
bel,57.18,1930
bel,58.52,1931
bel,58.6,1932
bel,58.77,1933
bel,60.43,1934
bel,60.02,1935
bel,60.02,1936
bel,60.01,1937
bel,60.16,1938
bel,60.02,1939
bel,55.97,1940
bel,58.96,1941
bel,59.21,1942
bel,60.4,1943
bel,56.95,1944
bel,58.41,1945
bel,61.94,1946
bel,63.48,1947
bel,65,1948
bel,65.5,1949
bel,66.37,1950
bel,66.82,1951
bel,68.02,1952
bel,68.39,1953
bel,68.65,1954
bel,68.6,1955
bel,68.89,1956
bel,69.26,1957
bel,69.95,1958
bel,70.35,1959
bel,69.67,1960
bel,70.54,1961
bel,70.28,1962
bel,70.09,1963
bel,70.76,1964
bel,70.61,1965
bel,70.68,1966
bel,70.97,1967
bel,70.66,1968
bel,70.74,1969
bel,71,1970
bel,71.1,1971
bel,71.3,1972
bel,71.6,1973
bel,71.9,1974
bel,72.2,1975
bel,72.4,1976
bel,72.6,1977
bel,72.8,1978
bel,73,1979
bel,73.3,1980
bel,73.6,1981
bel,73.8,1982
bel,74,1983
bel,74.3,1984
bel,74.6,1985
bel,74.9,1986
bel,75.2,1987
bel,75.5,1988
bel,75.8,1989
bel,76,1990
bel,76.2,1991
bel,76.4,1992
bel,76.5,1993
bel,76.7,1994
bel,76.9,1995
bel,77.1,1996
bel,77.3,1997
bel,77.5,1998
bel,77.6,1999
bel,77.8,2000
bel,78,2001
bel,78.2,2002
bel,78.5,2003
bel,78.9,2004
bel,79.2,2005
bel,79.3,2006
bel,79.4,2007
bel,79.4,2008
bel,79.6,2009
bel,79.8,2010
bel,80,2011
bel,80.1,2012
bel,80.2,2013
bel,80.3,2014
bel,80.4,2015
blz,26.5,1800
blz,26.5,1801
blz,26.5,1802
blz,26.5,1803
blz,26.5,1804
blz,26.5,1805
blz,26.5,1806
blz,26.5,1807
blz,26.5,1808
blz,26.5,1809
blz,26.5,1810
blz,26.5,1811
blz,26.5,1812
blz,26.5,1813
blz,26.5,1814
blz,26.5,1815
blz,26.5,1816
blz,26.5,1817
blz,26.5,1818
blz,26.5,1819
blz,26.5,1820
blz,26.5,1821
blz,26.5,1822
blz,26.5,1823
blz,26.5,1824
blz,26.5,1825
blz,26.5,1826
blz,26.5,1827
blz,26.5,1828
blz,26.5,1829
blz,26.5,1830
blz,26.5,1831
blz,26.5,1832
blz,26.5,1833
blz,26.5,1834
blz,26.5,1835
blz,26.5,1836
blz,26.5,1837
blz,26.5,1838
blz,26.5,1839
blz,26.5,1840
blz,26.5,1841
blz,26.5,1842
blz,26.5,1843
blz,26.5,1844
blz,26.5,1845
blz,26.5,1846
blz,26.5,1847
blz,26.5,1848
blz,26.5,1849
blz,26.5,1850
blz,26.5,1851
blz,26.5,1852
blz,26.5,1853
blz,26.5,1854
blz,26.5,1855
blz,26.5,1856
blz,26.5,1857
blz,26.5,1858
blz,26.5,1859
blz,26.5,1860
blz,26.5,1861
blz,26.5,1862
blz,26.5,1863
blz,26.5,1864
blz,26.5,1865
blz,26.5,1866
blz,26.5,1867
blz,26.5,1868
blz,26.5,1869
blz,26.5,1870
blz,26.5,1871
blz,26.5,1872
blz,26.5,1873
blz,26.5,1874
blz,26.5,1875
blz,26.5,1876
blz,26.5,1877
blz,26.5,1878
blz,26.5,1879
blz,26.5,1880
blz,26.5,1881
blz,26.5,1882
blz,26.5,1883
blz,26.5,1884
blz,26.5,1885
blz,26.5,1886
blz,26.5,1887
blz,26.5,1888
blz,26.5,1889
blz,26.5,1890
blz,26.5,1891
blz,26.5,1892
blz,26.5,1893
blz,26.5,1894
blz,26.5,1895
blz,26.5,1896
blz,26.5,1897
blz,26.5,1898
blz,26.5,1899
blz,26.5,1900
blz,26.5,1901
blz,26.5,1902
blz,26.5,1903
blz,26.5,1904
blz,26.5,1905
blz,26.5,1906
blz,26.5,1907
blz,26.5,1908
blz,26.5,1909
blz,26.5,1910
blz,27.06,1911
blz,27.62,1912
blz,28.19,1913
blz,28.75,1914
blz,29.31,1915
blz,29.88,1916
blz,30.44,1917
blz,26.91,1918
blz,31.56,1919
blz,32.12,1920
blz,32.72,1921
blz,33.32,1922
blz,33.91,1923
blz,34.51,1924
blz,35.1,1925
blz,35.7,1926
blz,36.29,1927
blz,36.89,1928
blz,37.48,1929
blz,38.08,1930
blz,38.67,1931
blz,39.27,1932
blz,39.86,1933
blz,40.46,1934
blz,41.42,1935
blz,42.37,1936
blz,43.33,1937
blz,44.29,1938
blz,45.25,1939
blz,46.21,1940
blz,47.16,1941
blz,48.12,1942
blz,49.08,1943
blz,50.04,1944
blz,51,1945
blz,51.95,1946
blz,52.91,1947
blz,53.87,1948
blz,54.83,1949
blz,55.79,1950
blz,56.1,1951
blz,56.69,1952
blz,57.28,1953
blz,57.86,1954
blz,58.43,1955
blz,59.01,1956
blz,59.58,1957
blz,60.14,1958
blz,60.71,1959
blz,61.29,1960
blz,61.87,1961
blz,62.46,1962
blz,63.07,1963
blz,63.68,1964
blz,64.29,1965
blz,64.91,1966
blz,65.51,1967
blz,66.09,1968
blz,66.66,1969
blz,67.2,1970
blz,67.6,1971
blz,67.8,1972
blz,68,1973
blz,68.3,1974
blz,68.4,1975
blz,68.5,1976
blz,68.6,1977
blz,68.7,1978
blz,69.1,1979
blz,69.3,1980
blz,69.5,1981
blz,69.7,1982
blz,70,1983
blz,70.6,1984
blz,71.1,1985
blz,71.6,1986
blz,72,1987
blz,72.2,1988
blz,72.2,1989
blz,72.1,1990
blz,71.8,1991
blz,71.7,1992
blz,71.6,1993
blz,71.5,1994
blz,71.2,1995
blz,70.7,1996
blz,70.2,1997
blz,69.6,1998
blz,69.1,1999
blz,69,2000
blz,69.1,2001
blz,69.4,2002
blz,70,2003
blz,70.4,2004
blz,70.6,2005
blz,70.8,2006
blz,70.8,2007
blz,70.7,2008
blz,70.3,2009
blz,70.1,2010
blz,70,2011
blz,70,2012
blz,70,2013
blz,70,2014
blz,70,2015
ben,31,1800
ben,31,1801
ben,31,1802
ben,31,1803
ben,31,1804
ben,31,1805
ben,31,1806
ben,31,1807
ben,31,1808
ben,31,1809
ben,31,1810
ben,31,1811
ben,31,1812
ben,31,1813
ben,31,1814
ben,31,1815
ben,31,1816
ben,31,1817
ben,31,1818
ben,31,1819
ben,31,1820
ben,31,1821
ben,31,1822
ben,31,1823
ben,31,1824
ben,31,1825
ben,31,1826
ben,31,1827
ben,31,1828
ben,31,1829
ben,31,1830
ben,31,1831
ben,31,1832
ben,31,1833
ben,31,1834
ben,31,1835
ben,31,1836
ben,31,1837
ben,31,1838
ben,31,1839
ben,31,1840
ben,31,1841
ben,31,1842
ben,31,1843
ben,31,1844
ben,31,1845
ben,31,1846
ben,31,1847
ben,31,1848
ben,31,1849
ben,31,1850
ben,31,1851
ben,31,1852
ben,31,1853
ben,31,1854
ben,31,1855
ben,31,1856
ben,31,1857
ben,31,1858
ben,31,1859
ben,31,1860
ben,31,1861
ben,31,1862
ben,31,1863
ben,31,1864
ben,31,1865
ben,31,1866
ben,31,1867
ben,31,1868
ben,31,1869
ben,31,1870
ben,31,1871
ben,31,1872
ben,31,1873
ben,31,1874
ben,31,1875
ben,31,1876
ben,31,1877
ben,31,1878
ben,31,1879
ben,31,1880
ben,31,1881
ben,31,1882
ben,31,1883
ben,31,1884
ben,31,1885
ben,31,1886
ben,31,1887
ben,31,1888
ben,31,1889
ben,31,1890
ben,31,1891
ben,31,1892
ben,31,1893
ben,31,1894
ben,31,1895
ben,31,1896
ben,31,1897
ben,31,1898
ben,31,1899
ben,31,1900
ben,31,1901
ben,31,1902
ben,31,1903
ben,31,1904
ben,31,1905
ben,31,1906
ben,31,1907
ben,31,1908
ben,31,1909
ben,31,1910
ben,31,1911
ben,31,1912
ben,31,1913
ben,31,1914
ben,31,1915
ben,31,1916
ben,31,1917
ben,11.99,1918
ben,31,1919
ben,31,1920
ben,31.1,1921
ben,31.2,1922
ben,31.3,1923
ben,31.39,1924
ben,31.49,1925
ben,31.59,1926
ben,31.69,1927
ben,31.79,1928
ben,31.89,1929
ben,31.98,1930
ben,32.08,1931
ben,32.18,1932
ben,32.28,1933
ben,32.38,1934
ben,32.48,1935
ben,32.57,1936
ben,32.67,1937
ben,32.77,1938
ben,32.87,1939
ben,32.97,1940
ben,33.07,1941
ben,33.16,1942
ben,33.26,1943
ben,33.36,1944
ben,33.74,1945
ben,34.12,1946
ben,34.5,1947
ben,34.89,1948
ben,35.27,1949
ben,35.65,1950
ben,36.01,1951
ben,36.62,1952
ben,37.22,1953
ben,37.81,1954
ben,38.39,1955
ben,38.97,1956
ben,39.53,1957
ben,40.09,1958
ben,40.65,1959
ben,41.2,1960
ben,41.76,1961
ben,42.32,1962
ben,42.89,1963
ben,43.47,1964
ben,44.07,1965
ben,44.69,1966
ben,45.33,1967
ben,45.98,1968
ben,46.63,1969
ben,47.3,1970
ben,47.8,1971
ben,48.5,1972
ben,49.1,1973
ben,49.8,1974
ben,50.4,1975
ben,51,1976
ben,51.6,1977
ben,52,1978
ben,52.5,1979
ben,53,1980
ben,53.4,1981
ben,53.8,1982
ben,54.2,1983
ben,54.6,1984
ben,55,1985
ben,55.5,1986
ben,55.9,1987
ben,56.3,1988
ben,56.7,1989
ben,57.1,1990
ben,57.5,1991
ben,57.9,1992
ben,58.2,1993
ben,58.4,1994
ben,58.5,1995
ben,58.6,1996
ben,58.7,1997
ben,58.8,1998
ben,59,1999
ben,59.2,2000
ben,59.4,2001
ben,59.8,2002
ben,60.3,2003
ben,60.9,2004
ben,61.4,2005
ben,62.1,2006
ben,62.7,2007
ben,63.2,2008
ben,63.6,2009
ben,64,2010
ben,64.3,2011
ben,64.6,2012
ben,64.9,2013
ben,65.2,2014
ben,65.5,2015
btn,28.8,1800
btn,28.8,1801
btn,28.8,1802
btn,28.8,1803
btn,28.8,1804
btn,28.8,1805
btn,28.8,1806
btn,28.8,1807
btn,28.8,1808
btn,28.8,1809
btn,28.8,1810
btn,28.8,1811
btn,28.8,1812
btn,28.8,1813
btn,28.8,1814
btn,28.8,1815
btn,28.8,1816
btn,28.8,1817
btn,28.8,1818
btn,28.8,1819
btn,28.8,1820
btn,28.8,1821
btn,28.8,1822
btn,28.8,1823
btn,28.8,1824
btn,28.8,1825
btn,28.8,1826
btn,28.8,1827
btn,28.8,1828
btn,28.8,1829
btn,28.8,1830
btn,28.8,1831
btn,28.8,1832
btn,28.8,1833
btn,28.8,1834
btn,28.8,1835
btn,28.8,1836
btn,28.8,1837
btn,28.8,1838
btn,28.8,1839
btn,28.8,1840
btn,28.8,1841
btn,28.8,1842
btn,28.8,1843
btn,28.8,1844
btn,28.8,1845
btn,28.8,1846
btn,28.8,1847
btn,28.8,1848
btn,28.8,1849
btn,28.8,1850
btn,28.8,1851
btn,28.8,1852
btn,28.8,1853
btn,28.8,1854
btn,28.8,1855
btn,28.8,1856
btn,28.8,1857
btn,28.8,1858
btn,28.8,1859
btn,28.8,1860
btn,28.8,1861
btn,28.8,1862
btn,28.8,1863
btn,28.8,1864
btn,28.8,1865
btn,28.8,1866
btn,28.8,1867
btn,28.8,1868
btn,28.8,1869
btn,28.8,1870
btn,28.8,1871
btn,28.8,1872
btn,28.8,1873
btn,28.8,1874
btn,28.8,1875
btn,28.8,1876
btn,28.8,1877
btn,28.8,1878
btn,28.8,1879
btn,28.8,1880
btn,28.8,1881
btn,28.8,1882
btn,28.8,1883
btn,28.8,1884
btn,28.8,1885
btn,28.8,1886
btn,28.8,1887
btn,28.8,1888
btn,28.8,1889
btn,28.8,1890
btn,28.8,1891
btn,28.8,1892
btn,28.8,1893
btn,28.8,1894
btn,28.8,1895
btn,28.8,1896
btn,28.8,1897
btn,28.8,1898
btn,28.8,1899
btn,28.8,1900
btn,28.8,1901
btn,28.8,1902
btn,28.8,1903
btn,28.8,1904
btn,28.8,1905
btn,28.8,1906
btn,28.8,1907
btn,28.8,1908
btn,28.8,1909
btn,28.8,1910
btn,28.8,1911
btn,28.8,1912
btn,28.8,1913
btn,28.8,1914
btn,28.8,1915
btn,28.8,1916
btn,28.8,1917
btn,18.46,1918
btn,28.8,1919
btn,28.8,1920
btn,29.04,1921
btn,29.29,1922
btn,29.53,1923
btn,29.77,1924
btn,30.01,1925
btn,30.26,1926
btn,30.5,1927
btn,30.74,1928
btn,30.99,1929
btn,31.23,1930
btn,31.47,1931
btn,31.72,1932
btn,31.96,1933
btn,32.2,1934
btn,32.44,1935
btn,32.69,1936
btn,32.93,1937
btn,33.17,1938
btn,33.42,1939
btn,33.66,1940
btn,33.9,1941
btn,34.15,1942
btn,34.39,1943
btn,34.63,1944
btn,34.88,1945
btn,35.12,1946
btn,35.36,1947
btn,35.6,1948
btn,35.85,1949
btn,36.09,1950
btn,36.51,1951
btn,37.11,1952
btn,37.71,1953
btn,38.33,1954
btn,38.95,1955
btn,39.57,1956
btn,40.2,1957
btn,40.84,1958
btn,41.47,1959
btn,42.09,1960
btn,42.71,1961
btn,43.31,1962
btn,43.92,1963
btn,44.52,1964
btn,45.15,1965
btn,45.82,1966
btn,46.54,1967
btn,47.32,1968
btn,48.18,1969
btn,49.1,1970
btn,49.4,1971
btn,49.8,1972
btn,50.1,1973
btn,50.4,1974
btn,50.7,1975
btn,51.1,1976
btn,51.4,1977
btn,51.9,1978
btn,52.3,1979
btn,52.9,1980
btn,53.5,1981
btn,54.1,1982
btn,54.7,1983
btn,55.4,1984
btn,56,1985
btn,56.6,1986
btn,57.3,1987
btn,58,1988
btn,58.7,1989
btn,59.3,1990
btn,59.9,1991
btn,60.5,1992
btn,61,1993
btn,61.4,1994
btn,62.1,1995
btn,62.7,1996
btn,63.2,1997
btn,63.7,1998
btn,64.2,1999
btn,63.9,2000
btn,65.1,2001
btn,65.5,2002
btn,65.9,2003
btn,66.3,2004
btn,66.6,2005
btn,66.9,2006
btn,67.3,2007
btn,67.6,2008
btn,67.9,2009
btn,68.3,2010
btn,68.7,2011
btn,69,2012
btn,69.4,2013
btn,69.8,2014
btn,70.2,2015
bol,33,1800
bol,33,1801
bol,33,1802
bol,33,1803
bol,33,1804
bol,33,1805
bol,33,1806
bol,33,1807
bol,33,1808
bol,33,1809
bol,33,1810
bol,33,1811
bol,33,1812
bol,33,1813
bol,33,1814
bol,33,1815
bol,33,1816
bol,33,1817
bol,33,1818
bol,33,1819
bol,33,1820
bol,33,1821
bol,33,1822
bol,33,1823
bol,33,1824
bol,33,1825
bol,33,1826
bol,33,1827
bol,33,1828
bol,33,1829
bol,33,1830
bol,33,1831
bol,33,1832
bol,33,1833
bol,33,1834
bol,33,1835
bol,33,1836
bol,33,1837
bol,33,1838
bol,33,1839
bol,33,1840
bol,33,1841
bol,33,1842
bol,33,1843
bol,33,1844
bol,33,1845
bol,33,1846
bol,33,1847
bol,33,1848
bol,33,1849
bol,33,1850
bol,33,1851
bol,33,1852
bol,33,1853
bol,33,1854
bol,33,1855
bol,33,1856
bol,33,1857
bol,33,1858
bol,33,1859
bol,33,1860
bol,33,1861
bol,33,1862
bol,33,1863
bol,33,1864
bol,33,1865
bol,33,1866
bol,33,1867
bol,33,1868
bol,33,1869
bol,33,1870
bol,33,1871
bol,33,1872
bol,33,1873
bol,33,1874
bol,33,1875
bol,33,1876
bol,33,1877
bol,33,1878
bol,33,1879
bol,33,1880
bol,33,1881
bol,33,1882
bol,33,1883
bol,33,1884
bol,33,1885
bol,33,1886
bol,33,1887
bol,33,1888
bol,33,1889
bol,33,1890
bol,33,1891
bol,33,1892
bol,33,1893
bol,33,1894
bol,33,1895
bol,33,1896
bol,33,1897
bol,33,1898
bol,33,1899
bol,33,1900
bol,33,1901
bol,33,1902
bol,33,1903
bol,33,1904
bol,33,1905
bol,33,1906
bol,33,1907
bol,33,1908
bol,33,1909
bol,33,1910
bol,33,1911
bol,33,1912
bol,33,1913
bol,33,1914
bol,33,1915
bol,33,1916
bol,33,1917
bol,29.17,1918
bol,33,1919
bol,33,1920
bol,33.09,1921
bol,33.19,1922
bol,33.28,1923
bol,33.37,1924
bol,33.46,1925
bol,33.56,1926
bol,33.65,1927
bol,33.74,1928
bol,33.83,1929
bol,33.93,1930
bol,34.02,1931
bol,34.11,1932
bol,34.21,1933
bol,34.3,1934
bol,34.39,1935
bol,34.48,1936
bol,34.58,1937
bol,34.67,1938
bol,34.76,1939
bol,34.85,1940
bol,35.63,1941
bol,36.41,1942
bol,37.19,1943
bol,37.96,1944
bol,38.74,1945
bol,39.52,1946
bol,40.29,1947
bol,41.07,1948
bol,41.85,1949
bol,42.63,1950
bol,42.86,1951
bol,43.24,1952
bol,43.62,1953
bol,44.01,1954
bol,44.39,1955
bol,44.78,1956
bol,45.18,1957
bol,45.57,1958
bol,45.97,1959
bol,46.37,1960
bol,46.77,1961
bol,47.17,1962
bol,47.58,1963
bol,47.99,1964
bol,48.4,1965
bol,48.8,1966
bol,49.19,1967
bol,49.58,1968
bol,49.98,1969
bol,50.4,1970
bol,51.1,1971
bol,51.8,1972
bol,52.5,1973
bol,53.2,1974
bol,54,1975
bol,54.8,1976
bol,55.5,1977
bol,56.3,1978
bol,57,1979
bol,57.4,1980
bol,58,1981
bol,58.4,1982
bol,58.8,1983
bol,59.3,1984
bol,59.8,1985
bol,60.3,1986
bol,60.8,1987
bol,61.4,1988
bol,62,1989
bol,62.6,1990
bol,63.1,1991
bol,63.6,1992
bol,64.1,1993
bol,64.5,1994
bol,65,1995
bol,65.4,1996
bol,65.9,1997
bol,66.4,1998
bol,67,1999
bol,67.6,2000
bol,68.2,2001
bol,68.7,2002
bol,69.2,2003
bol,69.7,2004
bol,70,2005
bol,70.3,2006
bol,70.6,2007
bol,70.9,2008
bol,71.1,2009
bol,71.3,2010
bol,71.5,2011
bol,71.7,2012
bol,71.9,2013
bol,72.1,2014
bol,72.3,2015
bih,35.1,1800
bih,35.1,1801
bih,35.1,1802
bih,35.1,1803
bih,35.1,1804
bih,35.1,1805
bih,35.1,1806
bih,35.1,1807
bih,35.1,1808
bih,35.1,1809
bih,35.1,1810
bih,35.1,1811
bih,35.1,1812
bih,35.1,1813
bih,35.1,1814
bih,35.1,1815
bih,35.1,1816
bih,35.1,1817
bih,35.1,1818
bih,35.1,1819
bih,35.1,1820
bih,35.1,1821
bih,35.1,1822
bih,35.1,1823
bih,35.1,1824
bih,35.1,1825
bih,35.1,1826
bih,35.1,1827
bih,35.1,1828
bih,35.1,1829
bih,35.1,1830
bih,35.1,1831
bih,35.1,1832
bih,35.1,1833
bih,35.1,1834
bih,35.1,1835
bih,35.1,1836
bih,35.1,1837
bih,35.1,1838
bih,35.1,1839
bih,35.1,1840
bih,35.1,1841
bih,35.1,1842
bih,35.1,1843
bih,35.1,1844
bih,35.1,1845
bih,35.1,1846
bih,35.1,1847
bih,35.1,1848
bih,35.1,1849
bih,35.1,1850
bih,35.1,1851
bih,35.1,1852
bih,35.1,1853
bih,35.1,1854
bih,35.1,1855
bih,35.1,1856
bih,35.1,1857
bih,35.1,1858
bih,35.1,1859
bih,35.1,1860
bih,35.1,1861
bih,35.1,1862
bih,35.1,1863
bih,35.1,1864
bih,35.1,1865
bih,35.1,1866
bih,35.1,1867
bih,35.1,1868
bih,35.1,1869
bih,35.1,1870
bih,35.1,1871
bih,35.1,1872
bih,35.1,1873
bih,35.1,1874
bih,35.1,1875
bih,35.1,1876
bih,35.1,1877
bih,35.1,1878
bih,35.1,1879
bih,35.1,1880
bih,35.1,1881
bih,35.1,1882
bih,35.1,1883
bih,35.1,1884
bih,35.1,1885
bih,35.1,1886
bih,35.1,1887
bih,35.1,1888
bih,35.1,1889
bih,35.1,1890
bih,35.1,1891
bih,35.1,1892
bih,35.1,1893
bih,35.1,1894
bih,35.1,1895
bih,35.1,1896
bih,35.1,1897
bih,35.1,1898
bih,35.1,1899
bih,35.1,1900
bih,35.1,1901
bih,35.1,1902
bih,35.1,1903
bih,35.1,1904
bih,35.1,1905
bih,35.1,1906
bih,35.1,1907
bih,35.1,1908
bih,35.1,1909
bih,35.1,1910
bih,35.1,1911
bih,35.1,1912
bih,35.1,1913
bih,35.1,1914
bih,35.1,1915
bih,35.1,1916
bih,35.1,1917
bih,19.26,1918
bih,35.1,1919
bih,35.1,1920
bih,35.65,1921
bih,36.2,1922
bih,36.76,1923
bih,37.31,1924
bih,37.86,1925
bih,38.41,1926
bih,38.97,1927
bih,39.52,1928
bih,40.07,1929
bih,40.62,1930
bih,41.18,1931
bih,41.73,1932
bih,42.28,1933
bih,42.83,1934
bih,43.39,1935
bih,43.94,1936
bih,44.49,1937
bih,45.04,1938
bih,45.6,1939
bih,46.15,1940
bih,31.54,1941
bih,27.71,1942
bih,24,1943
bih,21.98,1944
bih,26.11,1945
bih,41.22,1946
bih,49.23,1947
bih,50.23,1948
bih,50.94,1949
bih,51.67,1950
bih,52.27,1951
bih,53.43,1952
bih,54.54,1953
bih,55.58,1954
bih,56.57,1955
bih,57.5,1956
bih,58.38,1957
bih,59.2,1958
bih,59.97,1959
bih,60.69,1960
bih,61.36,1961
bih,62,1962
bih,62.6,1963
bih,63.18,1964
bih,63.75,1965
bih,64.32,1966
bih,64.89,1967
bih,65.46,1968
bih,66.03,1969
bih,66.6,1970
bih,66.9,1971
bih,67.2,1972
bih,67.6,1973
bih,67.9,1974
bih,68.2,1975
bih,68.5,1976
bih,68.8,1977
bih,69.2,1978
bih,69.5,1979
bih,69.8,1980
bih,70.2,1981
bih,70.5,1982
bih,70.9,1983
bih,71.2,1984
bih,71.5,1985
bih,71.9,1986
bih,72.2,1987
bih,72.6,1988
bih,73,1989
bih,73.1,1990
bih,72.7,1991
bih,68.1,1992
bih,68.2,1993
bih,70.6,1994
bih,67.1,1995
bih,73,1996
bih,73.7,1997
bih,74.3,1998
bih,74.8,1999
bih,75.2,2000
bih,75.6,2001
bih,75.7,2002
bih,75.8,2003
bih,75.8,2004
bih,75.7,2005
bih,75.6,2006
bih,75.6,2007
bih,75.9,2008
bih,76.2,2009
bih,76.5,2010
bih,77,2011
bih,77.3,2012
bih,77.5,2013
bih,77.7,2014
bih,77.9,2015
bwa,33.6,1800
bwa,33.6,1801
bwa,33.6,1802
bwa,33.6,1803
bwa,33.6,1804
bwa,33.6,1805
bwa,33.6,1806
bwa,33.6,1807
bwa,33.6,1808
bwa,33.6,1809
bwa,33.6,1810
bwa,33.6,1811
bwa,33.6,1812
bwa,33.6,1813
bwa,33.6,1814
bwa,33.6,1815
bwa,33.6,1816
bwa,33.6,1817
bwa,33.6,1818
bwa,33.6,1819
bwa,33.6,1820
bwa,33.6,1821
bwa,33.6,1822
bwa,33.6,1823
bwa,33.6,1824
bwa,33.6,1825
bwa,33.6,1826
bwa,33.6,1827
bwa,33.6,1828
bwa,33.6,1829
bwa,33.6,1830
bwa,33.6,1831
bwa,33.6,1832
bwa,33.6,1833
bwa,33.6,1834
bwa,33.6,1835
bwa,33.6,1836
bwa,33.6,1837
bwa,33.6,1838
bwa,33.6,1839
bwa,33.6,1840
bwa,33.6,1841
bwa,33.6,1842
bwa,33.6,1843
bwa,33.6,1844
bwa,33.6,1845
bwa,33.6,1846
bwa,33.6,1847
bwa,33.6,1848
bwa,33.6,1849
bwa,33.6,1850
bwa,33.6,1851
bwa,33.6,1852
bwa,33.6,1853
bwa,33.6,1854
bwa,33.6,1855
bwa,33.6,1856
bwa,33.6,1857
bwa,33.6,1858
bwa,33.6,1859
bwa,33.6,1860
bwa,33.6,1861
bwa,33.6,1862
bwa,33.6,1863
bwa,33.6,1864
bwa,33.6,1865
bwa,33.6,1866
bwa,33.6,1867
bwa,33.6,1868
bwa,33.6,1869
bwa,33.6,1870
bwa,33.6,1871
bwa,33.6,1872
bwa,33.6,1873
bwa,33.6,1874
bwa,33.6,1875
bwa,33.6,1876
bwa,33.6,1877
bwa,33.6,1878
bwa,33.6,1879
bwa,33.6,1880
bwa,33.6,1881
bwa,33.6,1882
bwa,33.6,1883
bwa,33.6,1884
bwa,33.6,1885
bwa,33.6,1886
bwa,33.6,1887
bwa,33.6,1888
bwa,33.6,1889
bwa,33.6,1890
bwa,33.6,1891
bwa,33.6,1892
bwa,33.6,1893
bwa,33.6,1894
bwa,33.6,1895
bwa,33.6,1896
bwa,33.6,1897
bwa,33.6,1898
bwa,33.6,1899
bwa,33.6,1900
bwa,33.6,1901
bwa,33.6,1902
bwa,33.6,1903
bwa,33.6,1904
bwa,33.6,1905
bwa,33.6,1906
bwa,33.6,1907
bwa,33.6,1908
bwa,33.6,1909
bwa,33.6,1910
bwa,33.6,1911
bwa,33.6,1912
bwa,33.6,1913
bwa,33.6,1914
bwa,33.6,1915
bwa,33.6,1916
bwa,33.6,1917
bwa,10.91,1918
bwa,33.6,1919
bwa,33.6,1920
bwa,33.72,1921
bwa,33.85,1922
bwa,33.97,1923
bwa,34.09,1924
bwa,34.21,1925
bwa,34.34,1926
bwa,34.46,1927
bwa,34.58,1928
bwa,34.71,1929
bwa,34.83,1930
bwa,34.95,1931
bwa,35.07,1932
bwa,35.2,1933
bwa,35.32,1934
bwa,35.44,1935
bwa,35.57,1936
bwa,35.69,1937
bwa,35.81,1938
bwa,35.93,1939
bwa,36.06,1940
bwa,36.18,1941
bwa,36.3,1942
bwa,36.42,1943
bwa,36.55,1944
bwa,36.67,1945
bwa,39.44,1946
bwa,42.21,1947
bwa,44.98,1948
bwa,47.74,1949
bwa,50.51,1950
bwa,50.84,1951
bwa,51.38,1952
bwa,51.92,1953
bwa,52.45,1954
bwa,52.98,1955
bwa,53.51,1956
bwa,54.04,1957
bwa,54.56,1958
bwa,55.07,1959
bwa,55.57,1960
bwa,56.05,1961
bwa,56.52,1962
bwa,56.98,1963
bwa,57.44,1964
bwa,57.91,1965
bwa,58.41,1966
bwa,58.96,1967
bwa,59.55,1968
bwa,60.2,1969
bwa,60.9,1970
bwa,61.4,1971
bwa,62,1972
bwa,62.6,1973
bwa,63.2,1974
bwa,63.7,1975
bwa,64.2,1976
bwa,64.6,1977
bwa,65.1,1978
bwa,65.6,1979
bwa,65.8,1980
bwa,66.2,1981
bwa,66.5,1982
bwa,66.9,1983
bwa,67.2,1984
bwa,67.5,1985
bwa,67.7,1986
bwa,67.9,1987
bwa,68,1988
bwa,68.1,1989
bwa,67.9,1990
bwa,67.6,1991
bwa,66.9,1992
bwa,65.8,1993
bwa,64.2,1994
bwa,62.3,1995
bwa,60.2,1996
bwa,57.9,1997
bwa,55.6,1998
bwa,53.5,1999
bwa,51.6,2000
bwa,50.2,2001
bwa,49.3,2002
bwa,49.4,2003
bwa,51,2004
bwa,54.3,2005
bwa,57.5,2006
bwa,60.1,2007
bwa,61.2,2008
bwa,62.6,2009
bwa,64.5,2010
bwa,65.7,2011
bwa,65.5,2012
bwa,65.8,2013
bwa,66.1,2014
bwa,66.4,2015
bra,32,1800
bra,32,1801
bra,32,1802
bra,32,1803
bra,32,1804
bra,32,1805
bra,32,1806
bra,32,1807
bra,32,1808
bra,32,1809
bra,32,1810
bra,32,1811
bra,32,1812
bra,32,1813
bra,32,1814
bra,32,1815
bra,32,1816
bra,32,1817
bra,32,1818
bra,32,1819
bra,32,1820
bra,32,1821
bra,32,1822
bra,32,1823
bra,32,1824
bra,32,1825
bra,31.99,1826
bra,31.99,1827
bra,31.99,1828
bra,31.99,1829
bra,31.99,1830
bra,31.99,1831
bra,31.99,1832
bra,31.99,1833
bra,31.99,1834
bra,31.99,1835
bra,31.99,1836
bra,31.99,1837
bra,31.99,1838
bra,31.99,1839
bra,31.99,1840
bra,31.99,1841
bra,31.99,1842
bra,31.99,1843
bra,31.99,1844
bra,31.99,1845
bra,31.99,1846
bra,31.99,1847
bra,31.99,1848
bra,31.99,1849
bra,31.99,1850
bra,31.99,1851
bra,31.99,1852
bra,31.99,1853
bra,31.99,1854
bra,31.99,1855
bra,31.99,1856
bra,31.99,1857
bra,31.99,1858
bra,31.99,1859
bra,31.99,1860
bra,31.99,1861
bra,31.99,1862
bra,31.99,1863
bra,31.99,1864
bra,31.99,1865
bra,31.99,1866
bra,31.99,1867
bra,31.99,1868
bra,31.99,1869
bra,31.99,1870
bra,31.99,1871
bra,31.99,1872
bra,31.99,1873
bra,31.99,1874
bra,31.99,1875
bra,31.99,1876
bra,31.99,1877
bra,31.98,1878
bra,31.98,1879
bra,31.98,1880
bra,31.98,1881
bra,31.98,1882
bra,31.98,1883
bra,31.98,1884
bra,31.98,1885
bra,31.98,1886
bra,31.98,1887
bra,31.98,1888
bra,31.98,1889
bra,31.98,1890
bra,31.98,1891
bra,31.98,1892
bra,31.98,1893
bra,31.98,1894
bra,31.98,1895
bra,31.98,1896
bra,31.98,1897
bra,31.98,1898
bra,31.98,1899
bra,31.98,1900
bra,31.98,1901
bra,31.98,1902
bra,31.98,1903
bra,31.98,1904
bra,31.98,1905
bra,31.98,1906
bra,31.98,1907
bra,31.98,1908
bra,31.98,1909
bra,31.98,1910
bra,31.98,1911
bra,31.98,1912
bra,31.98,1913
bra,31.98,1914
bra,31.98,1915
bra,31.98,1916
bra,31.98,1917
bra,26.98,1918
bra,31.98,1919
bra,31.98,1920
bra,32.02,1921
bra,32.06,1922
bra,32.11,1923
bra,32.15,1924
bra,32.19,1925
bra,32.23,1926
bra,32.28,1927
bra,32.32,1928
bra,32.36,1929
bra,32.41,1930
bra,32.91,1931
bra,33.42,1932
bra,33.92,1933
bra,34.43,1934
bra,34.93,1935
bra,35.44,1936
bra,35.94,1937
bra,36.45,1938
bra,36.95,1939
bra,37.45,1940
bra,38.63,1941
bra,39.8,1942
bra,40.97,1943
bra,42.14,1944
bra,43.32,1945
bra,44.91,1946
bra,46.49,1947
bra,48.08,1948
bra,49.67,1949
bra,51.26,1950
bra,51.54,1951
bra,52.07,1952
bra,52.59,1953
bra,53.12,1954
bra,53.65,1955
bra,54.19,1956
bra,54.73,1957
bra,55.27,1958
bra,55.8,1959
bra,56.33,1960
bra,56.85,1961
bra,57.35,1962
bra,57.84,1963
bra,58.31,1964
bra,58.77,1965
bra,59.21,1966
bra,59.63,1967
bra,60.06,1968
bra,60.48,1969
bra,60.9,1970
bra,61.2,1971
bra,61.6,1972
bra,62.1,1973
bra,62.6,1974
bra,63.1,1975
bra,63.4,1976
bra,64.1,1977
bra,64.6,1978
bra,65,1979
bra,65.3,1980
bra,66.4,1981
bra,67,1982
bra,67,1983
bra,67.1,1984
bra,67.4,1985
bra,67.6,1986
bra,68,1987
bra,68.2,1988
bra,68.6,1989
bra,69.1,1990
bra,69.5,1991
bra,69.7,1992
bra,69.7,1993
bra,70,1994
bra,70.2,1995
bra,70.5,1996
bra,71,1997
bra,71.2,1998
bra,71.5,1999
bra,71.9,2000
bra,72.2,2001
bra,72.5,2002
bra,72.7,2003
bra,73,2004
bra,73.4,2005
bra,73.7,2006
bra,73.8,2007
bra,73.9,2008
bra,74,2009
bra,74.2,2010
bra,74.5,2011
bra,74.7,2012
bra,75,2013
bra,75.3,2014
bra,75.6,2015
brn,29.2,1800
brn,29.2,1801
brn,29.2,1802
brn,29.2,1803
brn,29.2,1804
brn,29.2,1805
brn,29.2,1806
brn,29.2,1807
brn,29.2,1808
brn,29.2,1809
brn,29.2,1810
brn,29.2,1811
brn,29.2,1812
brn,29.2,1813
brn,29.2,1814
brn,29.2,1815
brn,29.2,1816
brn,29.2,1817
brn,29.2,1818
brn,29.2,1819
brn,29.2,1820
brn,29.2,1821
brn,29.2,1822
brn,29.2,1823
brn,29.2,1824
brn,29.2,1825
brn,29.2,1826
brn,29.2,1827
brn,29.2,1828
brn,29.2,1829
brn,29.2,1830
brn,29.2,1831
brn,29.2,1832
brn,29.2,1833
brn,29.2,1834
brn,29.2,1835
brn,29.2,1836
brn,29.2,1837
brn,29.2,1838
brn,29.2,1839
brn,29.2,1840
brn,29.2,1841
brn,29.2,1842
brn,29.2,1843
brn,29.2,1844
brn,29.2,1845
brn,29.2,1846
brn,29.2,1847
brn,29.2,1848
brn,29.2,1849
brn,29.2,1850
brn,29.2,1851
brn,29.2,1852
brn,29.2,1853
brn,29.2,1854
brn,29.2,1855
brn,29.2,1856
brn,29.2,1857
brn,29.2,1858
brn,29.2,1859
brn,29.2,1860
brn,29.2,1861
brn,29.2,1862
brn,29.2,1863
brn,29.2,1864
brn,29.2,1865
brn,29.2,1866
brn,29.2,1867
brn,29.2,1868
brn,29.2,1869
brn,29.2,1870
brn,29.2,1871
brn,29.2,1872
brn,29.2,1873
brn,29.2,1874
brn,29.2,1875
brn,29.2,1876
brn,29.2,1877
brn,29.2,1878
brn,29.2,1879
brn,29.2,1880
brn,29.2,1881
brn,29.2,1882
brn,29.2,1883
brn,29.2,1884
brn,29.2,1885
brn,29.2,1886
brn,29.2,1887
brn,29.2,1888
brn,29.2,1889
brn,29.2,1890
brn,29.2,1891
brn,29.2,1892
brn,29.2,1893
brn,29.2,1894
brn,29.2,1895
brn,29.2,1896
brn,29.2,1897
brn,29.2,1898
brn,29.2,1899
brn,29.2,1900
brn,29.2,1901
brn,29.2,1902
brn,29.2,1903
brn,29.2,1904
brn,29.2,1905
brn,29.2,1906
brn,29.2,1907
brn,29.2,1908
brn,29.2,1909
brn,29.2,1910
brn,29.2,1911
brn,29.9,1912
brn,30.61,1913
brn,31.31,1914
brn,32.01,1915
brn,32.72,1916
brn,33.42,1917
brn,27.71,1918
brn,34.83,1919
brn,35.53,1920
brn,36.25,1921
brn,36.98,1922
brn,37.7,1923
brn,38.42,1924
brn,39.14,1925
brn,39.87,1926
brn,40.59,1927
brn,41.31,1928
brn,42.04,1929
brn,42.76,1930
brn,43.48,1931
brn,44.2,1932
brn,44.93,1933
brn,45.65,1934
brn,46.37,1935
brn,47.09,1936
brn,47.82,1937
brn,48.54,1938
brn,49.26,1939
brn,49.99,1940
brn,50.71,1941
brn,51.43,1942
brn,52.15,1943
brn,52.88,1944
brn,53.6,1945
brn,54.32,1946
brn,55.05,1947
brn,55.77,1948
brn,56.49,1949
brn,57.21,1950
brn,57.53,1951
brn,58.16,1952
brn,58.79,1953
brn,59.42,1954
brn,60.05,1955
brn,60.69,1956
brn,61.32,1957
brn,61.96,1958
brn,62.58,1959
brn,63.2,1960
brn,63.8,1961
brn,64.37,1962
brn,64.93,1963
brn,65.45,1964
brn,65.95,1965
brn,66.43,1966
brn,66.89,1967
brn,67.33,1968
brn,67.77,1969
brn,68.2,1970
brn,69,1971
brn,69.8,1972
brn,70.6,1973
brn,71.1,1974
brn,71.2,1975
brn,71.2,1976
brn,71.1,1977
brn,70.9,1978
brn,71,1979
brn,71.1,1980
brn,71.2,1981
brn,71.5,1982
brn,72,1983
brn,72.5,1984
brn,72.9,1985
brn,73.3,1986
brn,73.5,1987
brn,73.7,1988
brn,73.8,1989
brn,73.9,1990
brn,73.9,1991
brn,73.9,1992
brn,74,1993
brn,74.1,1994
brn,74.3,1995
brn,74.5,1996
brn,74.7,1997
brn,75,1998
brn,75.3,1999
brn,75.5,2000
brn,75.9,2001
brn,76.3,2002
brn,76.8,2003
brn,77.1,2004
brn,77.3,2005
brn,77.4,2006
brn,77.5,2007
brn,77.8,2008
brn,78.1,2009
brn,78.5,2010
brn,78.7,2011
brn,78.7,2012
brn,78.7,2013
brn,78.7,2014
brn,78.7,2015
